[ 1920년-2100년 24기 입기 시각 ]
--------------------------------------------------------------------------------------------------------------------------------------------
역법과 연계된 24기 데이터의 특수성 때문에, 반올림 결과 날짜가 바뀌는 경우 날짜 변동 없이 24시 0분으로 표기됩니다. 
이 자료는 최신의 이론, 모델, 상수를 사용하여 계산된 것입니다. 하지만 지구 자전 속도는 예측할 수 없기 때문에, 미래로 갈수록 수 초에서 수분까지 달라질 수 있습니다. 이로 인해 미래의 실제 24기 날짜는 지금 계산과 다를 수 있습니다.

아래 모든 시각 데이터는 현재(2026년 9월 1일) KST(=UTC+9h) 기준이며, 과거 표준자오선 변경이나 써머타임은 고려하지 않음.
--------------------------------------------------------------------------------------------------------------------------------------------

<24기 구분>
 1: 입춘,  2: 우수,  3: 경칩,  4: 춘분,  5: 청명,  6: 곡우
 7: 입하,  8: 소만,  9: 망종, 10: 하지, 11: 소서, 12: 대서
13: 입추, 14: 처서, 15: 백로, 16: 추분, 17: 한로, 18: 상강
19: 입동, 20: 소설, 21: 대설, 22: 동지, 23: 소한, 24: 대한

구분	년도	월	일	시	분
------------------------------
23, 1920,  1,  6, 23, 41
24, 1920,  1, 21, 17,  4
 1, 1920,  2,  5, 11, 26
 2, 1920,  2, 20,  7, 29
 3, 1920,  3,  6,  5, 51
 4, 1920,  3, 21,  6, 59
 5, 1920,  4,  5, 11, 15
 6, 1920,  4, 20, 18, 39
 7, 1920,  5,  6,  5, 11
 8, 1920,  5, 21, 18, 22
 9, 1920,  6,  6,  9, 50
10, 1920,  6, 22,  2, 40
11, 1920,  7,  7, 20, 19
12, 1920,  7, 23, 13, 35
13, 1920,  8,  8,  5, 58
14, 1920,  8, 23, 20, 21
15, 1920,  9,  8,  8, 27
16, 1920,  9, 23, 17, 28
17, 1920, 10,  8, 23, 29
18, 1920, 10, 24,  2, 13
19, 1920, 11,  8,  2,  5
20, 1920, 11, 22, 23, 15
21, 1920, 12,  7, 18, 30
22, 1920, 12, 22, 12, 17
23, 1921,  1,  6,  5, 34
24, 1921,  1, 20, 22, 55
 1, 1921,  2,  4, 17, 20
 2, 1921,  2, 19, 13, 20
 3, 1921,  3,  6, 11, 45
 4, 1921,  3, 21, 12, 51
 5, 1921,  4,  5, 17,  9
 6, 1921,  4, 21,  0, 32
 7, 1921,  5,  6, 11,  4
 8, 1921,  5, 22,  0, 17
 9, 1921,  6,  6, 15, 41
10, 1921,  6, 22,  8, 36
11, 1921,  7,  8,  2,  7
12, 1921,  7, 23, 19, 30
13, 1921,  8,  8, 11, 43
14, 1921,  8, 24,  2, 15
15, 1921,  9,  8, 14, 10
16, 1921,  9, 23, 23, 20
17, 1921, 10,  9,  5, 11
18, 1921, 10, 24,  8,  2
19, 1921, 11,  8,  7, 46
20, 1921, 11, 23,  5,  4
21, 1921, 12,  8,  0, 11
22, 1921, 12, 22, 18,  7
23, 1922,  1,  6, 11, 17
24, 1922,  1, 21,  4, 48
 1, 1922,  2,  4, 23,  6
 2, 1922,  2, 19, 19, 16
 3, 1922,  3,  6, 17, 34
 4, 1922,  3, 21, 18, 49
 5, 1922,  4,  5, 22, 58
 6, 1922,  4, 21,  6, 29
 7, 1922,  5,  6, 16, 53
 8, 1922,  5, 22,  6, 10
 9, 1922,  6,  6, 21, 30
10, 1922,  6, 22, 14, 27
11, 1922,  7,  8,  7, 57
12, 1922,  7, 24,  1, 20
13, 1922,  8,  8, 17, 37
14, 1922,  8, 24,  8,  4
15, 1922,  9,  8, 20,  6
16, 1922,  9, 24,  5, 10
17, 1922, 10,  9, 11,  9
18, 1922, 10, 24, 13, 53
19, 1922, 11,  8, 13, 45
20, 1922, 11, 23, 10, 55
21, 1922, 12,  8,  6, 11
22, 1922, 12, 22, 23, 57
23, 1923,  1,  6, 17, 14
24, 1923,  1, 21, 10, 35
 1, 1923,  2,  5,  5,  0
 2, 1923,  2, 20,  1,  0
 3, 1923,  3,  6, 23, 24
 4, 1923,  3, 22,  0, 29
 5, 1923,  4,  6,  4, 46
 6, 1923,  4, 21, 12,  6
 7, 1923,  5,  6, 22, 38
 8, 1923,  5, 22, 11, 45
 9, 1923,  6,  7,  3, 14
10, 1923,  6, 22, 20,  3
11, 1923,  7,  8, 13, 42
12, 1923,  7, 24,  7,  0
13, 1923,  8,  8, 23, 24
14, 1923,  8, 24, 13, 52
15, 1923,  9,  9,  1, 57
16, 1923,  9, 24, 11,  4
17, 1923, 10,  9, 17,  3
18, 1923, 10, 24, 19, 51
19, 1923, 11,  8, 19, 40
20, 1923, 11, 23, 16, 54
21, 1923, 12,  8, 12,  5
22, 1923, 12, 23,  5, 53
23, 1924,  1,  6, 23,  6
24, 1924,  1, 21, 16, 28
 1, 1924,  2,  5, 10, 50
 2, 1924,  2, 20,  6, 51
 3, 1924,  3,  6,  5, 12
 4, 1924,  3, 21,  6, 20
 5, 1924,  4,  5, 10, 33
 6, 1924,  4, 20, 17, 59
 7, 1924,  5,  6,  4, 26
 8, 1924,  5, 21, 17, 40
 9, 1924,  6,  6,  9,  2
10, 1924,  6, 22,  1, 59
11, 1924,  7,  7, 19, 29
12, 1924,  7, 23, 12, 57
13, 1924,  8,  8,  5, 12
14, 1924,  8, 23, 19, 48
15, 1924,  9,  8,  7, 46
16, 1924,  9, 23, 16, 58
17, 1924, 10,  8, 22, 52
18, 1924, 10, 24,  1, 44
19, 1924, 11,  8,  1, 29
20, 1924, 11, 22, 22, 46
21, 1924, 12,  7, 17, 53
22, 1924, 12, 22, 11, 45
23, 1925,  1,  6,  4, 53
24, 1925,  1, 20, 22, 20
 1, 1925,  2,  4, 16, 37
 2, 1925,  2, 19, 12, 43
 3, 1925,  3,  6, 11,  0
 4, 1925,  3, 21, 12, 12
 5, 1925,  4,  5, 16, 22
 6, 1925,  4, 20, 23, 51
 7, 1925,  5,  6, 10, 18
 8, 1925,  5, 21, 23, 33
 9, 1925,  6,  6, 14, 56
10, 1925,  6, 22,  7, 50
11, 1925,  7,  8,  1, 25
12, 1925,  7, 23, 18, 45
13, 1925,  8,  8, 11,  7
14, 1925,  8, 24,  1, 33
15, 1925,  9,  8, 13, 40
16, 1925,  9, 23, 22, 43
17, 1925, 10,  9,  4, 47
18, 1925, 10, 24,  7, 31
19, 1925, 11,  8,  7, 26
20, 1925, 11, 23,  4, 35
21, 1925, 12,  7, 23, 52
22, 1925, 12, 22, 17, 37
23, 1926,  1,  6, 10, 54
24, 1926,  1, 21,  4, 12
 1, 1926,  2,  4, 22, 38
 2, 1926,  2, 19, 18, 35
 3, 1926,  3,  6, 17,  0
 4, 1926,  3, 21, 18,  1
 5, 1926,  4,  5, 22, 18
 6, 1926,  4, 21,  5, 36
 7, 1926,  5,  6, 16,  8
 8, 1926,  5, 22,  5, 14
 9, 1926,  6,  6, 20, 42
10, 1926,  6, 22, 13, 30
11, 1926,  7,  8,  7,  6
12, 1926,  7, 24,  0, 25
13, 1926,  8,  8, 16, 44
14, 1926,  8, 24,  7, 14
15, 1926,  9,  8, 19, 16
16, 1926,  9, 24,  4, 27
17, 1926, 10,  9, 10, 25
18, 1926, 10, 24, 13, 18
19, 1926, 11,  8, 13,  8
20, 1926, 11, 23, 10, 28
21, 1926, 12,  8,  5, 39
22, 1926, 12, 22, 23, 33
23, 1927,  1,  6, 16, 45
24, 1927,  1, 21, 10, 12
 1, 1927,  2,  5,  4, 30
 2, 1927,  2, 20,  0, 34
 3, 1927,  3,  6, 22, 50
 4, 1927,  3, 21, 23, 59
 5, 1927,  4,  6,  4,  6
 6, 1927,  4, 21, 11, 32
 7, 1927,  5,  6, 21, 53
 8, 1927,  5, 22, 11,  8
 9, 1927,  6,  7,  2, 25
10, 1927,  6, 22, 19, 22
11, 1927,  7,  8, 12, 50
12, 1927,  7, 24,  6, 17
13, 1927,  8,  8, 22, 31
14, 1927,  8, 24, 13,  5
15, 1927,  9,  9,  1,  5
16, 1927,  9, 24, 10, 17
17, 1927, 10,  9, 16, 15
18, 1927, 10, 24, 19,  7
19, 1927, 11,  8, 18, 57
20, 1927, 11, 23, 16, 14
21, 1927, 12,  8, 11, 26
22, 1927, 12, 23,  5, 18
23, 1928,  1,  6, 22, 31
24, 1928,  1, 21, 15, 57
 1, 1928,  2,  5, 10, 16
 2, 1928,  2, 20,  6, 19
 3, 1928,  3,  6,  4, 37
 4, 1928,  3, 21,  5, 44
 5, 1928,  4,  5,  9, 55
 6, 1928,  4, 20, 17, 17
 7, 1928,  5,  6,  3, 43
 8, 1928,  5, 21, 16, 52
 9, 1928,  6,  6,  8, 17
10, 1928,  6, 22,  1,  6
11, 1928,  7,  7, 18, 44
12, 1928,  7, 23, 12,  2
13, 1928,  8,  8,  4, 28
14, 1928,  8, 23, 18, 53
15, 1928,  9,  8,  7,  2
16, 1928,  9, 23, 16,  5
17, 1928, 10,  8, 22, 10
18, 1928, 10, 24,  0, 54
19, 1928, 11,  8,  0, 50
20, 1928, 11, 22, 22,  0
21, 1928, 12,  7, 17, 17
22, 1928, 12, 22, 11,  4
23, 1929,  1,  6,  4, 22
24, 1929,  1, 20, 21, 42
 1, 1929,  2,  4, 16,  9
 2, 1929,  2, 19, 12,  7
 3, 1929,  3,  6, 10, 32
 4, 1929,  3, 21, 11, 35
 5, 1929,  4,  5, 15, 51
 6, 1929,  4, 20, 23, 10
 7, 1929,  5,  6,  9, 40
 8, 1929,  5, 21, 22, 48
 9, 1929,  6,  6, 14, 11
10, 1929,  6, 22,  7,  1
11, 1929,  7,  8,  0, 32
12, 1929,  7, 23, 17, 53
13, 1929,  8,  8, 10,  9
14, 1929,  8, 24,  0, 41
15, 1929,  9,  8, 12, 40
16, 1929,  9, 23, 21, 52
17, 1929, 10,  9,  3, 47
18, 1929, 10, 24,  6, 41
19, 1929, 11,  8,  6, 27
20, 1929, 11, 23,  3, 48
21, 1929, 12,  7, 22, 56
22, 1929, 12, 22, 16, 53
23, 1930,  1,  6, 10,  3
24, 1930,  1, 21,  3, 33
 1, 1930,  2,  4, 21, 51
 2, 1930,  2, 19, 18,  0
 3, 1930,  3,  6, 16, 17
 4, 1930,  3, 21, 17, 30
 5, 1930,  4,  5, 21, 37
 6, 1930,  4, 21,  5,  6
 7, 1930,  5,  6, 15, 27
 8, 1930,  5, 22,  4, 42
 9, 1930,  6,  6, 19, 58
10, 1930,  6, 22, 12, 53
11, 1930,  7,  8,  6, 20
12, 1930,  7, 23, 23, 42
13, 1930,  8,  8, 15, 57
14, 1930,  8, 24,  6, 26
15, 1930,  9,  8, 18, 28
16, 1930,  9, 24,  3, 36
17, 1930, 10,  9,  9, 37
18, 1930, 10, 24, 12, 26
19, 1930, 11,  8, 12, 20
20, 1930, 11, 23,  9, 34
21, 1930, 12,  8,  4, 51
22, 1930, 12, 22, 22, 40
23, 1931,  1,  6, 15, 56
24, 1931,  1, 21,  9, 17
 1, 1931,  2,  5,  3, 41
 2, 1931,  2, 19, 23, 40
 3, 1931,  3,  6, 22,  2
 4, 1931,  3, 21, 23,  6
 5, 1931,  4,  6,  3, 20
 6, 1931,  4, 21, 10, 40
 7, 1931,  5,  6, 21, 10
 8, 1931,  5, 22, 10, 15
 9, 1931,  6,  7,  1, 42
10, 1931,  6, 22, 18, 28
11, 1931,  7,  8, 12,  6
12, 1931,  7, 24,  5, 21
13, 1931,  8,  8, 21, 45
14, 1931,  8, 24, 12, 10
15, 1931,  9,  9,  0, 17
16, 1931,  9, 24,  9, 23
17, 1931, 10,  9, 15, 27
18, 1931, 10, 24, 18, 15
19, 1931, 11,  8, 18, 10
20, 1931, 11, 23, 15, 25
21, 1931, 12,  8, 10, 40
22, 1931, 12, 23,  4, 30
23, 1932,  1,  6, 21, 45
24, 1932,  1, 21, 15,  7
 1, 1932,  2,  5,  9, 29
 2, 1932,  2, 20,  5, 28
 3, 1932,  3,  6,  3, 49
 4, 1932,  3, 21,  4, 54
 5, 1932,  4,  5,  9,  6
 6, 1932,  4, 20, 16, 28
 7, 1932,  5,  6,  2, 55
 8, 1932,  5, 21, 16,  7
 9, 1932,  6,  6,  7, 28
10, 1932,  6, 22,  0, 23
11, 1932,  7,  7, 17, 52
12, 1932,  7, 23, 11, 18
13, 1932,  8,  8,  3, 32
14, 1932,  8, 23, 18,  6
15, 1932,  9,  8,  6,  3
16, 1932,  9, 23, 15, 16
17, 1932, 10,  8, 21, 10
18, 1932, 10, 24,  0,  4
19, 1932, 11,  7, 23, 50
20, 1932, 11, 22, 21, 10
21, 1932, 12,  7, 16, 18
22, 1932, 12, 22, 10, 14
23, 1933,  1,  6,  3, 23
24, 1933,  1, 20, 20, 53
 1, 1933,  2,  4, 15,  9
 2, 1933,  2, 19, 11, 16
 3, 1933,  3,  6,  9, 31
 4, 1933,  3, 21, 10, 43
 5, 1933,  4,  5, 14, 50
 6, 1933,  4, 20, 22, 18
 7, 1933,  5,  6,  8, 42
 8, 1933,  5, 21, 21, 57
 9, 1933,  6,  6, 13, 17
10, 1933,  6, 22,  6, 12
11, 1933,  7,  7, 23, 44
12, 1933,  7, 23, 17,  5
13, 1933,  8,  8,  9, 26
14, 1933,  8, 23, 23, 52
15, 1933,  9,  8, 11, 57
16, 1933,  9, 23, 21,  1
17, 1933, 10,  9,  3,  4
18, 1933, 10, 24,  5, 48
19, 1933, 11,  8,  5, 43
20, 1933, 11, 23,  2, 53
21, 1933, 12,  7, 22, 11
22, 1933, 12, 22, 15, 57
23, 1934,  1,  6,  9, 16
24, 1934,  1, 21,  2, 37
 1, 1934,  2,  4, 21,  4
 2, 1934,  2, 19, 17,  2
 3, 1934,  3,  6, 15, 26
 4, 1934,  3, 21, 16, 28
 5, 1934,  4,  5, 20, 44
 6, 1934,  4, 21,  4,  0
 7, 1934,  5,  6, 14, 31
 8, 1934,  5, 22,  3, 35
 9, 1934,  6,  6, 19,  1
10, 1934,  6, 22, 11, 48
11, 1934,  7,  8,  5, 24
12, 1934,  7, 23, 22, 42
13, 1934,  8,  8, 15,  4
14, 1934,  8, 24,  5, 32
15, 1934,  9,  8, 17, 36
16, 1934,  9, 24,  2, 45
17, 1934, 10,  9,  8, 45
18, 1934, 10, 24, 11, 36
19, 1934, 11,  8, 11, 27
20, 1934, 11, 23,  8, 44
21, 1934, 12,  8,  3, 57
22, 1934, 12, 22, 21, 49
23, 1935,  1,  6, 15,  2
24, 1935,  1, 21,  8, 28
 1, 1935,  2,  5,  2, 49
 2, 1935,  2, 19, 22, 52
 3, 1935,  3,  6, 21, 10
 4, 1935,  3, 21, 22, 18
 5, 1935,  4,  6,  2, 26
 6, 1935,  4, 21,  9, 50
 7, 1935,  5,  6, 20, 12
 8, 1935,  5, 22,  9, 25
 9, 1935,  6,  7,  0, 42
10, 1935,  6, 22, 17, 38
11, 1935,  7,  8, 11,  6
12, 1935,  7, 24,  4, 33
13, 1935,  8,  8, 20, 48
14, 1935,  8, 24, 11, 24
15, 1935,  9,  8, 23, 24
16, 1935,  9, 24,  8, 38
17, 1935, 10,  9, 14, 36
18, 1935, 10, 24, 17, 29
19, 1935, 11,  8, 17, 18
20, 1935, 11, 23, 14, 35
21, 1935, 12,  8,  9, 45
22, 1935, 12, 23,  3, 37
23, 1936,  1,  6, 20, 47
24, 1936,  1, 21, 14, 12
 1, 1936,  2,  5,  8, 29
 2, 1936,  2, 20,  4, 33
 3, 1936,  3,  6,  2, 49
 4, 1936,  3, 21,  3, 58
 5, 1936,  4,  5,  8,  7
 6, 1936,  4, 20, 15, 31
 7, 1936,  5,  6,  1, 56
 8, 1936,  5, 21, 15,  7
 9, 1936,  6,  6,  6, 31
10, 1936,  6, 21, 23, 22
11, 1936,  7,  7, 16, 58
12, 1936,  7, 23, 10, 18
13, 1936,  8,  8,  2, 43
14, 1936,  8, 23, 17, 10
15, 1936,  9,  8,  5, 21
16, 1936,  9, 23, 14, 26
17, 1936, 10,  8, 20, 32
18, 1936, 10, 23, 23, 18
19, 1936, 11,  7, 23, 15
20, 1936, 11, 22, 20, 25
21, 1936, 12,  7, 15, 42
22, 1936, 12, 22,  9, 27
23, 1937,  1,  6,  2, 44
24, 1937,  1, 20, 20,  1
 1, 1937,  2,  4, 14, 26
 2, 1937,  2, 19, 10, 21
 3, 1937,  3,  6,  8, 44
 4, 1937,  3, 21,  9, 45
 5, 1937,  4,  5, 14,  1
 6, 1937,  4, 20, 21, 19
 7, 1937,  5,  6,  7, 51
 8, 1937,  5, 21, 20, 57
 9, 1937,  6,  6, 12, 23
10, 1937,  6, 22,  5, 12
11, 1937,  7,  7, 22, 46
12, 1937,  7, 23, 16,  7
13, 1937,  8,  8,  8, 25
14, 1937,  8, 23, 22, 58
15, 1937,  9,  8, 10, 59
16, 1937,  9, 23, 20, 13
17, 1937, 10,  9,  2, 11
18, 1937, 10, 24,  5,  6
19, 1937, 11,  8,  4, 55
20, 1937, 11, 23,  2, 16
21, 1937, 12,  7, 21, 26
22, 1937, 12, 22, 15, 22
23, 1938,  1,  6,  8, 31
24, 1938,  1, 21,  1, 59
 1, 1938,  2,  4, 20, 15
 2, 1938,  2, 19, 16, 20
 3, 1938,  3,  6, 14, 34
 4, 1938,  3, 21, 15, 43
 5, 1938,  4,  5, 19, 49
 6, 1938,  4, 21,  3, 15
 7, 1938,  5,  6, 13, 35
 8, 1938,  5, 22,  2, 50
 9, 1938,  6,  6, 18,  7
10, 1938,  6, 22, 11,  4
11, 1938,  7,  8,  4, 31
12, 1938,  7, 23, 21, 57
13, 1938,  8,  8, 14, 13
14, 1938,  8, 24,  4, 46
15, 1938,  9,  8, 16, 48
16, 1938,  9, 24,  1, 59
17, 1938, 10,  9,  8,  1
18, 1938, 10, 24, 10, 54
19, 1938, 11,  8, 10, 48
20, 1938, 11, 23,  8,  6
21, 1938, 12,  8,  3, 22
22, 1938, 12, 22, 21, 13
23, 1939,  1,  6, 14, 28
24, 1939,  1, 21,  7, 51
 1, 1939,  2,  5,  2, 10
 2, 1939,  2, 19, 22,  9
 3, 1939,  3,  6, 20, 26
 4, 1939,  3, 21, 21, 28
 5, 1939,  4,  6,  1, 37
 6, 1939,  4, 21,  8, 55
 7, 1939,  5,  6, 19, 21
 8, 1939,  5, 22,  8, 27
 9, 1939,  6,  6, 23, 52
10, 1939,  6, 22, 16, 39
11, 1939,  7,  8, 10, 18
12, 1939,  7, 24,  3, 37
13, 1939,  8,  8, 20,  3
14, 1939,  8, 24, 10, 31
15, 1939,  9,  8, 22, 42
16, 1939,  9, 24,  7, 49
17, 1939, 10,  9, 13, 57
18, 1939, 10, 24, 16, 46
19, 1939, 11,  8, 16, 44
20, 1939, 11, 23, 13, 58
21, 1939, 12,  8,  9, 17
22, 1939, 12, 23,  3,  6
23, 1940,  1,  6, 20, 24
24, 1940,  1, 21, 13, 44
 1, 1940,  2,  5,  8,  8
 2, 1940,  2, 20,  4,  4
 3, 1940,  3,  6,  2, 24
 4, 1940,  3, 21,  3, 24
 5, 1940,  4,  5,  7, 35
 6, 1940,  4, 20, 14, 51
 7, 1940,  5,  6,  1, 16
 8, 1940,  5, 21, 14, 23
 9, 1940,  6,  6,  5, 44
10, 1940,  6, 21, 22, 36
11, 1940,  7,  7, 16,  8
12, 1940,  7, 23,  9, 34
13, 1940,  8,  8,  1, 51
14, 1940,  8, 23, 16, 29
15, 1940,  9,  8,  4, 29
16, 1940,  9, 23, 13, 46
17, 1940, 10,  8, 19, 42
18, 1940, 10, 23, 22, 39
19, 1940, 11,  7, 22, 27
20, 1940, 11, 22, 19, 49
21, 1940, 12,  7, 14, 58
22, 1940, 12, 22,  8, 55
23, 1941,  1,  6,  2,  4
24, 1941,  1, 20, 19, 34
 1, 1941,  2,  4, 13, 50
 2, 1941,  2, 19,  9, 56
 3, 1941,  3,  6,  8, 10
 4, 1941,  3, 21,  9, 20
 5, 1941,  4,  5, 13, 25
 6, 1941,  4, 20, 20, 50
 7, 1941,  5,  6,  7, 10
 8, 1941,  5, 21, 20, 23
 9, 1941,  6,  6, 11, 39
10, 1941,  6, 22,  4, 33
11, 1941,  7,  7, 22,  3
12, 1941,  7, 23, 15, 26
13, 1941,  8,  8,  7, 46
14, 1941,  8, 23, 22, 17
15, 1941,  9,  8, 10, 24
16, 1941,  9, 23, 19, 33
17, 1941, 10,  9,  1, 38
18, 1941, 10, 24,  4, 27
19, 1941, 11,  8,  4, 24
20, 1941, 11, 23,  1, 38
21, 1941, 12,  7, 20, 56
22, 1941, 12, 22, 14, 44
23, 1942,  1,  6,  8,  2
24, 1942,  1, 21,  1, 23
 1, 1942,  2,  4, 19, 49
 2, 1942,  2, 19, 15, 47
 3, 1942,  3,  6, 14,  9
 4, 1942,  3, 21, 15, 11
 5, 1942,  4,  5, 19, 24
 6, 1942,  4, 21,  2, 39
 7, 1942,  5,  6, 13,  7
 8, 1942,  5, 22,  2,  9
 9, 1942,  6,  6, 17, 33
10, 1942,  6, 22, 10, 16
11, 1942,  7,  8,  3, 52
12, 1942,  7, 23, 21,  7
13, 1942,  8,  8, 13, 30
14, 1942,  8, 24,  3, 58
15, 1942,  9,  8, 16,  6
16, 1942,  9, 24,  1, 16
17, 1942, 10,  9,  7, 22
18, 1942, 10, 24, 10, 15
19, 1942, 11,  8, 10, 11
20, 1942, 11, 23,  7, 30
21, 1942, 12,  8,  2, 47
22, 1942, 12, 22, 20, 40
23, 1943,  1,  6, 13, 55
24, 1943,  1, 21,  7, 19
 1, 1943,  2,  5,  1, 40
 2, 1943,  2, 19, 21, 40
 3, 1943,  3,  6, 19, 59
 4, 1943,  3, 21, 21,  3
 5, 1943,  4,  6,  1, 11
 6, 1943,  4, 21,  8, 31
 7, 1943,  5,  6, 18, 53
 8, 1943,  5, 22,  8,  3
 9, 1943,  6,  6, 23, 19
10, 1943,  6, 22, 16, 12
11, 1943,  7,  8,  9, 39
12, 1943,  7, 24,  3,  5
13, 1943,  8,  8, 19, 19
14, 1943,  8, 24,  9, 55
15, 1943,  9,  8, 21, 55
16, 1943,  9, 24,  7, 12
17, 1943, 10,  9, 13, 10
18, 1943, 10, 24, 16,  8
19, 1943, 11,  8, 15, 59
20, 1943, 11, 23, 13, 21
21, 1943, 12,  8,  8, 33
22, 1943, 12, 23,  2, 29
23, 1944,  1,  6, 19, 39
24, 1944,  1, 21, 13,  7
 1, 1944,  2,  5,  7, 23
 2, 1944,  2, 20,  3, 27
 3, 1944,  3,  6,  1, 40
 4, 1944,  3, 21,  2, 49
 5, 1944,  4,  5,  6, 54
 6, 1944,  4, 20, 14, 18
 7, 1944,  5,  6,  0, 40
 8, 1944,  5, 21, 13, 51
 9, 1944,  6,  6,  5, 11
10, 1944,  6, 21, 22,  2
11, 1944,  7,  7, 15, 36
12, 1944,  7, 23,  8, 56
13, 1944,  8,  8,  1, 19
14, 1944,  8, 23, 15, 46
15, 1944,  9,  8,  3, 56
16, 1944,  9, 23, 13,  2
17, 1944, 10,  8, 19,  9
18, 1944, 10, 23, 21, 56
19, 1944, 11,  7, 21, 55
20, 1944, 11, 22, 19,  8
21, 1944, 12,  7, 14, 28
22, 1944, 12, 22,  8, 15
23, 1945,  1,  6,  1, 34
24, 1945,  1, 20, 18, 54
 1, 1945,  2,  4, 13, 19
 2, 1945,  2, 19,  9, 15
 3, 1945,  3,  6,  7, 38
 4, 1945,  3, 21,  8, 37
 5, 1945,  4,  5, 12, 52
 6, 1945,  4, 20, 20,  7
 7, 1945,  5,  6,  6, 37
 8, 1945,  5, 21, 19, 40
 9, 1945,  6,  6, 11,  5
10, 1945,  6, 22,  3, 52
11, 1945,  7,  7, 21, 27
12, 1945,  7, 23, 14, 45
13, 1945,  8,  8,  7,  5
14, 1945,  8, 23, 21, 35
15, 1945,  9,  8,  9, 38
16, 1945,  9, 23, 18, 50
17, 1945, 10,  9,  0, 49
18, 1945, 10, 24,  3, 44
19, 1945, 11,  8,  3, 34
20, 1945, 11, 23,  0, 55
21, 1945, 12,  7, 20,  8
22, 1945, 12, 22, 14,  4
23, 1946,  1,  6,  7, 16
24, 1946,  1, 21,  0, 45
 1, 1946,  2,  4, 19,  4
 2, 1946,  2, 19, 15,  9
 3, 1946,  3,  6, 13, 25
 4, 1946,  3, 21, 14, 33
 5, 1946,  4,  5, 18, 39
 6, 1946,  4, 21,  2,  2
 7, 1946,  5,  6, 12, 21
 8, 1946,  5, 22,  1, 34
 9, 1946,  6,  6, 16, 49
10, 1946,  6, 22,  9, 44
11, 1946,  7,  8,  3, 11
12, 1946,  7, 23, 20, 37
13, 1946,  8,  8, 12, 52
14, 1946,  8, 24,  3, 26
15, 1946,  9,  8, 15, 27
16, 1946,  9, 24,  0, 41
17, 1946, 10,  9,  6, 41
18, 1946, 10, 24,  9, 35
19, 1946, 11,  8,  9, 27
20, 1946, 11, 23,  6, 46
21, 1946, 12,  8,  2,  0
22, 1946, 12, 22, 19, 53
23, 1947,  1,  6, 13,  6
24, 1947,  1, 21,  6, 31
 1, 1947,  2,  5,  0, 50
 2, 1947,  2, 19, 20, 52
 3, 1947,  3,  6, 19,  8
 4, 1947,  3, 21, 20, 13
 5, 1947,  4,  6,  0, 20
 6, 1947,  4, 21,  7, 39
 7, 1947,  5,  6, 18,  3
 8, 1947,  5, 22,  7,  9
 9, 1947,  6,  6, 22, 31
10, 1947,  6, 22, 15, 19
11, 1947,  7,  8,  8, 56
12, 1947,  7, 24,  2, 14
13, 1947,  8,  8, 18, 41
14, 1947,  8, 24,  9,  9
15, 1947,  9,  8, 21, 21
16, 1947,  9, 24,  6, 29
17, 1947, 10,  9, 12, 37
18, 1947, 10, 24, 15, 26
19, 1947, 11,  8, 15, 24
20, 1947, 11, 23, 12, 38
21, 1947, 12,  8,  7, 56
22, 1947, 12, 23,  1, 43
23, 1948,  1,  6, 19,  0
24, 1948,  1, 21, 12, 18
 1, 1948,  2,  5,  6, 42
 2, 1948,  2, 20,  2, 37
 3, 1948,  3,  6,  0, 58
 4, 1948,  3, 21,  1, 57
 5, 1948,  4,  5,  6,  9
 6, 1948,  4, 20, 13, 25
 7, 1948,  5,  5, 23, 52
 8, 1948,  5, 21, 12, 58
 9, 1948,  6,  6,  4, 20
10, 1948,  6, 21, 21, 11
11, 1948,  7,  7, 14, 44
12, 1948,  7, 23,  8,  7
13, 1948,  8,  8,  0, 26
14, 1948,  8, 23, 15,  3
15, 1948,  9,  8,  3,  5
16, 1948,  9, 23, 12, 22
17, 1948, 10,  8, 18, 20
18, 1948, 10, 23, 21, 18
19, 1948, 11,  7, 21,  7
20, 1948, 11, 22, 18, 29
21, 1948, 12,  7, 13, 38
22, 1948, 12, 22,  7, 33
23, 1949,  1,  6,  0, 41
24, 1949,  1, 20, 18,  9
 1, 1949,  2,  4, 12, 23
 2, 1949,  2, 19,  8, 27
 3, 1949,  3,  6,  6, 39
 4, 1949,  3, 21,  7, 48
 5, 1949,  4,  5, 11, 52
 6, 1949,  4, 20, 19, 17
 7, 1949,  5,  6,  5, 37
 8, 1949,  5, 21, 18, 51
 9, 1949,  6,  6, 10,  7
10, 1949,  6, 22,  3,  3
11, 1949,  7,  7, 20, 32
12, 1949,  7, 23, 13, 57
13, 1949,  8,  8,  6, 15
14, 1949,  8, 23, 20, 48
15, 1949,  9,  8,  8, 54
16, 1949,  9, 23, 18,  6
17, 1949, 10,  9,  0, 11
18, 1949, 10, 24,  3,  3
19, 1949, 11,  8,  3,  0
20, 1949, 11, 23,  0, 16
21, 1949, 12,  7, 19, 33
22, 1949, 12, 22, 13, 23
23, 1950,  1,  6,  6, 39
24, 1950,  1, 20, 24,  0
 1, 1950,  2,  4, 18, 21
 2, 1950,  2, 19, 14, 17
 3, 1950,  3,  6, 12, 35
 4, 1950,  3, 21, 13, 35
 5, 1950,  4,  5, 17, 44
 6, 1950,  4, 21,  0, 59
 7, 1950,  5,  6, 11, 25
 8, 1950,  5, 22,  0, 27
 9, 1950,  6,  6, 15, 51
10, 1950,  6, 22,  8, 36
11, 1950,  7,  8,  2, 13
12, 1950,  7, 23, 19, 30
13, 1950,  8,  8, 11, 55
14, 1950,  8, 24,  2, 23
15, 1950,  9,  8, 14, 34
16, 1950,  9, 23, 23, 44
17, 1950, 10,  9,  5, 52
18, 1950, 10, 24,  8, 45
19, 1950, 11,  8,  8, 44
20, 1950, 11, 23,  6,  2
21, 1950, 12,  8,  1, 22
22, 1950, 12, 22, 19, 13
23, 1951,  1,  6, 12, 30
24, 1951,  1, 21,  5, 52
 1, 1951,  2,  5,  0, 13
 2, 1951,  2, 19, 20, 10
 3, 1951,  3,  6, 18, 27
 4, 1951,  3, 21, 19, 26
 5, 1951,  4,  5, 23, 33
 6, 1951,  4, 21,  6, 48
 7, 1951,  5,  6, 17,  9
 8, 1951,  5, 22,  6, 15
 9, 1951,  6,  6, 21, 33
10, 1951,  6, 22, 14, 25
11, 1951,  7,  8,  7, 54
12, 1951,  7, 24,  1, 21
13, 1951,  8,  8, 17, 37
14, 1951,  8, 24,  8, 16
15, 1951,  9,  8, 20, 18
16, 1951,  9, 24,  5, 37
17, 1951, 10,  9, 11, 36
18, 1951, 10, 24, 14, 36
19, 1951, 11,  8, 14, 27
20, 1951, 11, 23, 11, 51
21, 1951, 12,  8,  7,  2
22, 1951, 12, 23,  1,  0
23, 1952,  1,  6, 18, 10
24, 1952,  1, 21, 11, 38
 1, 1952,  2,  5,  5, 53
 2, 1952,  2, 20,  1, 57
 3, 1952,  3,  6,  0,  7
 4, 1952,  3, 21,  1, 14
 5, 1952,  4,  5,  5, 15
 6, 1952,  4, 20, 12, 37
 7, 1952,  5,  5, 22, 54
 8, 1952,  5, 21, 12,  4
 9, 1952,  6,  6,  3, 20
10, 1952,  6, 21, 20, 13
11, 1952,  7,  7, 13, 45
12, 1952,  7, 23,  7,  7
13, 1952,  8,  7, 23, 31
14, 1952,  8, 23, 14,  3
15, 1952,  9,  8,  2, 14
16, 1952,  9, 23, 11, 24
17, 1952, 10,  8, 17, 32
18, 1952, 10, 23, 20, 22
19, 1952, 11,  7, 20, 22
20, 1952, 11, 22, 17, 36
21, 1952, 12,  7, 12, 56
22, 1952, 12, 22,  6, 43
23, 1953,  1,  6,  0,  2
24, 1953,  1, 20, 17, 21
 1, 1953,  2,  4, 11, 46
 2, 1953,  2, 19,  7, 41
 3, 1953,  3,  6,  6,  2
 4, 1953,  3, 21,  7,  0
 5, 1953,  4,  5, 11, 13
 6, 1953,  4, 20, 18, 25
 7, 1953,  5,  6,  4, 52
 8, 1953,  5, 21, 17, 53
 9, 1953,  6,  6,  9, 16
10, 1953,  6, 22,  2,  0
11, 1953,  7,  7, 19, 35
12, 1953,  7, 23, 12, 52
13, 1953,  8,  8,  5, 15
14, 1953,  8, 23, 19, 45
15, 1953,  9,  8,  7, 53
16, 1953,  9, 23, 17,  6
17, 1953, 10,  8, 23, 10
18, 1953, 10, 24,  2,  6
19, 1953, 11,  8,  2,  1
20, 1953, 11, 22, 23, 22
21, 1953, 12,  7, 18, 37
22, 1953, 12, 22, 12, 31
23, 1954,  1,  6,  5, 45
24, 1954,  1, 20, 23, 11
 1, 1954,  2,  4, 17, 31
 2, 1954,  2, 19, 13, 32
 3, 1954,  3,  6, 11, 49
 4, 1954,  3, 21, 12, 53
 5, 1954,  4,  5, 16, 59
 6, 1954,  4, 21,  0, 20
 7, 1954,  5,  6, 10, 38
 8, 1954,  5, 21, 23, 47
 9, 1954,  6,  6, 15,  1
10, 1954,  6, 22,  7, 54
11, 1954,  7,  8,  1, 19
12, 1954,  7, 23, 18, 45
13, 1954,  8,  8, 10, 59
14, 1954,  8, 24,  1, 36
15, 1954,  9,  8, 13, 38
16, 1954,  9, 23, 22, 55
17, 1954, 10,  9,  4, 57
18, 1954, 10, 24,  7, 56
19, 1954, 11,  8,  7, 51
20, 1954, 11, 23,  5, 14
21, 1954, 12,  8,  0, 29
22, 1954, 12, 22, 18, 24
23, 1955,  1,  6, 11, 36
24, 1955,  1, 21,  5,  2
 1, 1955,  2,  4, 23, 18
 2, 1955,  2, 19, 19, 19
 3, 1955,  3,  6, 17, 31
 4, 1955,  3, 21, 18, 35
 5, 1955,  4,  5, 22, 39
 6, 1955,  4, 21,  5, 58
 7, 1955,  5,  6, 16, 18
 8, 1955,  5, 22,  5, 24
 9, 1955,  6,  6, 20, 43
10, 1955,  6, 22, 13, 31
11, 1955,  7,  8,  7,  6
12, 1955,  7, 24,  0, 25
13, 1955,  8,  8, 16, 50
14, 1955,  8, 24,  7, 19
15, 1955,  9,  8, 19, 32
16, 1955,  9, 24,  4, 41
17, 1955, 10,  9, 10, 52
18, 1955, 10, 24, 13, 43
19, 1955, 11,  8, 13, 45
20, 1955, 11, 23, 11,  1
21, 1955, 12,  8,  6, 23
22, 1955, 12, 23,  0, 11
23, 1956,  1,  6, 17, 30
24, 1956,  1, 21, 10, 48
 1, 1956,  2,  5,  5, 12
 2, 1956,  2, 20,  1,  5
 3, 1956,  3,  5, 23, 24
 4, 1956,  3, 21,  0, 20
 5, 1956,  4,  5,  4, 31
 6, 1956,  4, 20, 11, 43
 7, 1956,  5,  5, 22, 10
 8, 1956,  5, 21, 11, 13
 9, 1956,  6,  6,  2, 36
10, 1956,  6, 21, 19, 24
11, 1956,  7,  7, 12, 58
12, 1956,  7, 23,  6, 20
13, 1956,  8,  7, 22, 40
14, 1956,  8, 23, 13, 15
15, 1956,  9,  8,  1, 19
16, 1956,  9, 23, 10, 35
17, 1956, 10,  8, 16, 36
18, 1956, 10, 23, 19, 34
19, 1956, 11,  7, 19, 26
20, 1956, 11, 22, 16, 50
21, 1956, 12,  7, 12,  2
22, 1956, 12, 22,  5, 59
23, 1957,  1,  5, 23, 10
24, 1957,  1, 20, 16, 39
 1, 1957,  2,  4, 10, 55
 2, 1957,  2, 19,  6, 58
 3, 1957,  3,  6,  5, 10
 4, 1957,  3, 21,  6, 16
 5, 1957,  4,  5, 10, 19
 6, 1957,  4, 20, 17, 41
 7, 1957,  5,  6,  3, 58
 8, 1957,  5, 21, 17, 10
 9, 1957,  6,  6,  8, 25
10, 1957,  6, 22,  1, 20
11, 1957,  7,  7, 18, 48
12, 1957,  7, 23, 12, 15
13, 1957,  8,  8,  4, 32
14, 1957,  8, 23, 19,  8
15, 1957,  9,  8,  7, 12
16, 1957,  9, 23, 16, 26
17, 1957, 10,  8, 22, 30
18, 1957, 10, 24,  1, 24
19, 1957, 11,  8,  1, 20
20, 1957, 11, 22, 22, 39
21, 1957, 12,  7, 17, 56
22, 1957, 12, 22, 11, 49
23, 1958,  1,  6,  5,  4
24, 1958,  1, 20, 22, 28
 1, 1958,  2,  4, 16, 49
 2, 1958,  2, 19, 12, 48
 3, 1958,  3,  6, 11,  5
 4, 1958,  3, 21, 12,  6
 5, 1958,  4,  5, 16, 12
 6, 1958,  4, 20, 23, 27
 7, 1958,  5,  6,  9, 49
 8, 1958,  5, 21, 22, 51
 9, 1958,  6,  6, 14, 12
10, 1958,  6, 22,  6, 57
11, 1958,  7,  8,  0, 33
12, 1958,  7, 23, 17, 50
13, 1958,  8,  8, 10, 17
14, 1958,  8, 24,  0, 46
15, 1958,  9,  8, 12, 59
16, 1958,  9, 23, 22,  9
17, 1958, 10,  9,  4, 19
18, 1958, 10, 24,  7, 11
19, 1958, 11,  8,  7, 12
20, 1958, 11, 23,  4, 29
21, 1958, 12,  7, 23, 50
22, 1958, 12, 22, 17, 40
23, 1959,  1,  6, 10, 58
24, 1959,  1, 21,  4, 19
 1, 1959,  2,  4, 22, 42
 2, 1959,  2, 19, 18, 38
 3, 1959,  3,  6, 16, 57
 4, 1959,  3, 21, 17, 54
 5, 1959,  4,  5, 22,  3
 6, 1959,  4, 21,  5, 16
 7, 1959,  5,  6, 15, 39
 8, 1959,  5, 22,  4, 42
 9, 1959,  6,  6, 20,  0
10, 1959,  6, 22, 12, 50
11, 1959,  7,  8,  6, 20
12, 1959,  7, 23, 23, 45
13, 1959,  8,  8, 16,  4
14, 1959,  8, 24,  6, 43
15, 1959,  9,  8, 18, 48
16, 1959,  9, 24,  4,  8
17, 1959, 10,  9, 10, 10
18, 1959, 10, 24, 13, 11
19, 1959, 11,  8, 13,  2
20, 1959, 11, 23, 10, 27
21, 1959, 12,  8,  5, 37
22, 1959, 12, 22, 23, 34
23, 1960,  1,  6, 16, 42
24, 1960,  1, 21, 10, 10
 1, 1960,  2,  5,  4, 23
 2, 1960,  2, 20,  0, 26
 3, 1960,  3,  5, 22, 36
 4, 1960,  3, 20, 23, 43
 5, 1960,  4,  5,  3, 44
 6, 1960,  4, 20, 11,  6
 7, 1960,  5,  5, 21, 23
 8, 1960,  5, 21, 10, 33
 9, 1960,  6,  6,  1, 49
10, 1960,  6, 21, 18, 42
11, 1960,  7,  7, 12, 13
12, 1960,  7, 23,  5, 37
13, 1960,  8,  7, 22,  0
14, 1960,  8, 23, 12, 34
15, 1960,  9,  8,  0, 45
16, 1960,  9, 23,  9, 59
17, 1960, 10,  8, 16,  9
18, 1960, 10, 23, 19,  2
19, 1960, 11,  7, 19,  2
20, 1960, 11, 22, 16, 18
21, 1960, 12,  7, 11, 38
22, 1960, 12, 22,  5, 26
23, 1961,  1,  5, 22, 43
24, 1961,  1, 20, 16,  1
 1, 1961,  2,  4, 10, 22
 2, 1961,  2, 19,  6, 16
 3, 1961,  3,  6,  4, 35
 4, 1961,  3, 21,  5, 32
 5, 1961,  4,  5,  9, 42
 6, 1961,  4, 20, 16, 55
 7, 1961,  5,  6,  3, 21
 8, 1961,  5, 21, 16, 22
 9, 1961,  6,  6,  7, 46
10, 1961,  6, 22,  0, 30
11, 1961,  7,  7, 18,  7
12, 1961,  7, 23, 11, 24
13, 1961,  8,  8,  3, 48
14, 1961,  8, 23, 18, 19
15, 1961,  9,  8,  6, 29
16, 1961,  9, 23, 15, 42
17, 1961, 10,  8, 21, 51
18, 1961, 10, 24,  0, 47
19, 1961, 11,  8,  0, 46
20, 1961, 11, 22, 22,  8
21, 1961, 12,  7, 17, 26
22, 1961, 12, 22, 11, 19
23, 1962,  1,  6,  4, 35
24, 1962,  1, 20, 21, 58
 1, 1962,  2,  4, 16, 17
 2, 1962,  2, 19, 12, 15
 3, 1962,  3,  6, 10, 30
 4, 1962,  3, 21, 11, 30
 5, 1962,  4,  5, 15, 34
 6, 1962,  4, 20, 22, 51
 7, 1962,  5,  6,  9,  9
 8, 1962,  5, 21, 22, 16
 9, 1962,  6,  6, 13, 31
10, 1962,  6, 22,  6, 24
11, 1962,  7,  7, 23, 51
12, 1962,  7, 23, 17, 18
13, 1962,  8,  8,  9, 34
14, 1962,  8, 24,  0, 12
15, 1962,  9,  8, 12, 15
16, 1962,  9, 23, 21, 35
17, 1962, 10,  9,  3, 38
18, 1962, 10, 24,  6, 40
19, 1962, 11,  8,  6, 35
20, 1962, 11, 23,  4,  2
21, 1962, 12,  7, 23, 17
22, 1962, 12, 22, 17, 15
23, 1963,  1,  6, 10, 26
24, 1963,  1, 21,  3, 54
 1, 1963,  2,  4, 22,  8
 2, 1963,  2, 19, 18,  9
 3, 1963,  3,  6, 16, 17
 4, 1963,  3, 21, 17, 20
 5, 1963,  4,  5, 21, 19
 6, 1963,  4, 21,  4, 36
 7, 1963,  5,  6, 14, 52
 8, 1963,  5, 22,  3, 58
 9, 1963,  6,  6, 19, 14
10, 1963,  6, 22, 12,  4
11, 1963,  7,  8,  5, 38
12, 1963,  7, 23, 22, 59
13, 1963,  8,  8, 15, 25
14, 1963,  8, 24,  5, 58
15, 1963,  9,  8, 18, 12
16, 1963,  9, 24,  3, 23
17, 1963, 10,  9,  9, 36
18, 1963, 10, 24, 12, 29
19, 1963, 11,  8, 12, 32
20, 1963, 11, 23,  9, 49
21, 1963, 12,  8,  5, 13
22, 1963, 12, 22, 23,  2
23, 1964,  1,  6, 16, 22
24, 1964,  1, 21,  9, 41
 1, 1964,  2,  5,  4,  5
 2, 1964,  2, 19, 23, 57
 3, 1964,  3,  5, 22, 16
 4, 1964,  3, 20, 23, 10
 5, 1964,  4,  5,  3, 18
 6, 1964,  4, 20, 10, 27
 7, 1964,  5,  5, 20, 51
 8, 1964,  5, 21,  9, 50
 9, 1964,  6,  6,  1, 12
10, 1964,  6, 21, 17, 57
11, 1964,  7,  7, 11, 32
12, 1964,  7, 23,  4, 53
13, 1964,  8,  7, 21, 16
14, 1964,  8, 23, 11, 51
15, 1964,  9,  7, 23, 59
16, 1964,  9, 23,  9, 17
17, 1964, 10,  8, 15, 22
18, 1964, 10, 23, 18, 21
19, 1964, 11,  7, 18, 15
20, 1964, 11, 22, 15, 39
21, 1964, 12,  7, 10, 53
22, 1964, 12, 22,  4, 50
23, 1965,  1,  5, 22,  2
24, 1965,  1, 20, 15, 29
 1, 1965,  2,  4,  9, 46
 2, 1965,  2, 19,  5, 48
 3, 1965,  3,  6,  4,  1
 4, 1965,  3, 21,  5,  5
 5, 1965,  4,  5,  9,  7
 6, 1965,  4, 20, 16, 26
 7, 1965,  5,  6,  2, 42
 8, 1965,  5, 21, 15, 50
 9, 1965,  6,  6,  7,  2
10, 1965,  6, 21, 23, 56
11, 1965,  7,  7, 17, 21
12, 1965,  7, 23, 10, 48
13, 1965,  8,  8,  3,  5
14, 1965,  8, 23, 17, 43
15, 1965,  9,  8,  5, 48
16, 1965,  9, 23, 15,  6
17, 1965, 10,  8, 21, 11
18, 1965, 10, 24,  0, 10
19, 1965, 11,  8,  0,  7
20, 1965, 11, 22, 21, 29
21, 1965, 12,  7, 16, 46
22, 1965, 12, 22, 10, 40
23, 1966,  1,  6,  3, 54
24, 1966,  1, 20, 21, 20
 1, 1966,  2,  4, 15, 38
 2, 1966,  2, 19, 11, 38
 3, 1966,  3,  6,  9, 51
 4, 1966,  3, 21, 10, 53
 5, 1966,  4,  5, 14, 56
 6, 1966,  4, 20, 22, 11
 7, 1966,  5,  6,  8, 30
 8, 1966,  5, 21, 21, 32
 9, 1966,  6,  6, 12, 50
10, 1966,  6, 22,  5, 33
11, 1966,  7,  7, 23,  7
12, 1966,  7, 23, 16, 23
13, 1966,  8,  8,  8, 49
14, 1966,  8, 23, 23, 18
15, 1966,  9,  8, 11, 32
16, 1966,  9, 23, 20, 43
17, 1966, 10,  9,  2, 57
18, 1966, 10, 24,  5, 51
19, 1966, 11,  8,  5, 55
20, 1966, 11, 23,  3, 14
21, 1966, 12,  7, 22, 38
22, 1966, 12, 22, 16, 28
23, 1967,  1,  6,  9, 48
24, 1967,  1, 21,  3,  8
 1, 1967,  2,  4, 21, 31
 2, 1967,  2, 19, 17, 24
 3, 1967,  3,  6, 15, 42
 4, 1967,  3, 21, 16, 37
 5, 1967,  4,  5, 20, 45
 6, 1967,  4, 21,  3, 55
 7, 1967,  5,  6, 14, 17
 8, 1967,  5, 22,  3, 18
 9, 1967,  6,  6, 18, 36
10, 1967,  6, 22, 11, 23
11, 1967,  7,  8,  4, 53
12, 1967,  7, 23, 22, 16
13, 1967,  8,  8, 14, 35
14, 1967,  8, 24,  5, 12
15, 1967,  9,  8, 17, 18
16, 1967,  9, 24,  2, 38
17, 1967, 10,  9,  8, 41
18, 1967, 10, 24, 11, 44
19, 1967, 11,  8, 11, 37
20, 1967, 11, 23,  9,  4
21, 1967, 12,  8,  4, 17
22, 1967, 12, 22, 22, 16
23, 1968,  1,  6, 15, 26
24, 1968,  1, 21,  8, 54
 1, 1968,  2,  5,  3,  7
 2, 1968,  2, 19, 23,  9
 3, 1968,  3,  5, 21, 18
 4, 1968,  3, 20, 22, 22
 5, 1968,  4,  5,  2, 21
 6, 1968,  4, 20,  9, 41
 7, 1968,  5,  5, 19, 56
 8, 1968,  5, 21,  9,  6
 9, 1968,  6,  6,  0, 19
10, 1968,  6, 21, 17, 13
11, 1968,  7,  7, 10, 42
12, 1968,  7, 23,  4,  7
13, 1968,  8,  7, 20, 27
14, 1968,  8, 23, 11,  3
15, 1968,  9,  7, 23, 11
16, 1968,  9, 23,  8, 26
17, 1968, 10,  8, 14, 34
18, 1968, 10, 23, 17, 30
19, 1968, 11,  7, 17, 29
20, 1968, 11, 22, 14, 49
21, 1968, 12,  7, 10,  8
22, 1968, 12, 22,  4,  0
23, 1969,  1,  5, 21, 17
24, 1969,  1, 20, 14, 38
 1, 1969,  2,  4,  8, 59
 2, 1969,  2, 19,  4, 54
 3, 1969,  3,  6,  3, 11
 4, 1969,  3, 21,  4,  8
 5, 1969,  4,  5,  8, 15
 6, 1969,  4, 20, 15, 27
 7, 1969,  5,  6,  1, 50
 8, 1969,  5, 21, 14, 50
 9, 1969,  6,  6,  6, 11
10, 1969,  6, 21, 22, 55
11, 1969,  7,  7, 16, 32
12, 1969,  7, 23,  9, 48
13, 1969,  8,  8,  2, 14
14, 1969,  8, 23, 16, 43
15, 1969,  9,  8,  4, 55
16, 1969,  9, 23, 14,  7
17, 1969, 10,  8, 20, 17
18, 1969, 10, 23, 23, 11
19, 1969, 11,  7, 23, 11
20, 1969, 11, 22, 20, 31
21, 1969, 12,  7, 15, 51
22, 1969, 12, 22,  9, 44
23, 1970,  1,  6,  3,  2
24, 1970,  1, 20, 20, 24
 1, 1970,  2,  4, 14, 46
 2, 1970,  2, 19, 10, 42
 3, 1970,  3,  6,  8, 58
 4, 1970,  3, 21,  9, 56
 5, 1970,  4,  5, 14,  2
 6, 1970,  4, 20, 21, 15
 7, 1970,  5,  6,  7, 34
 8, 1970,  5, 21, 20, 37
 9, 1970,  6,  6, 11, 52
10, 1970,  6, 22,  4, 43
11, 1970,  7,  7, 22, 11
12, 1970,  7, 23, 15, 37
13, 1970,  8,  8,  7, 54
14, 1970,  8, 23, 22, 34
15, 1970,  9,  8, 10, 38
16, 1970,  9, 23, 19, 59
17, 1970, 10,  9,  2,  2
18, 1970, 10, 24,  5,  4
19, 1970, 11,  8,  4, 58
20, 1970, 11, 23,  2, 25
21, 1970, 12,  7, 21, 37
22, 1970, 12, 22, 15, 36
23, 1971,  1,  6,  8, 45
24, 1971,  1, 21,  2, 13
 1, 1971,  2,  4, 20, 25
 2, 1971,  2, 19, 16, 27
 3, 1971,  3,  6, 14, 35
 4, 1971,  3, 21, 15, 38
 5, 1971,  4,  5, 19, 36
 6, 1971,  4, 21,  2, 54
 7, 1971,  5,  6, 13,  8
 8, 1971,  5, 22,  2, 15
 9, 1971,  6,  6, 17, 29
10, 1971,  6, 22, 10, 20
11, 1971,  7,  8,  3, 51
12, 1971,  7, 23, 21, 15
13, 1971,  8,  8, 13, 40
14, 1971,  8, 24,  4, 15
15, 1971,  9,  8, 16, 30
16, 1971,  9, 24,  1, 45
17, 1971, 10,  9,  7, 59
18, 1971, 10, 24, 10, 53
19, 1971, 11,  8, 10, 57
20, 1971, 11, 23,  8, 14
21, 1971, 12,  8,  3, 36
22, 1971, 12, 22, 21, 24
23, 1972,  1,  6, 14, 42
24, 1972,  1, 21,  7, 59
 1, 1972,  2,  5,  2, 20
 2, 1972,  2, 19, 22, 11
 3, 1972,  3,  5, 20, 28
 4, 1972,  3, 20, 21, 21
 5, 1972,  4,  5,  1, 29
 6, 1972,  4, 20,  8, 37
 7, 1972,  5,  5, 19,  1
 8, 1972,  5, 21,  7, 59
 9, 1972,  6,  5, 23, 22
10, 1972,  6, 21, 16,  6
11, 1972,  7,  7,  9, 43
12, 1972,  7, 23,  3,  3
13, 1972,  8,  7, 19, 29
14, 1972,  8, 23, 10,  3
15, 1972,  9,  7, 22, 15
16, 1972,  9, 23,  7, 33
17, 1972, 10,  8, 13, 42
18, 1972, 10, 23, 16, 41
19, 1972, 11,  7, 16, 39
20, 1972, 11, 22, 14,  3
21, 1972, 12,  7,  9, 19
22, 1972, 12, 22,  3, 13
23, 1973,  1,  5, 20, 25
24, 1973,  1, 20, 13, 48
 1, 1973,  2,  4,  8,  4
 2, 1973,  2, 19,  4,  1
 3, 1973,  3,  6,  2, 13
 4, 1973,  3, 21,  3, 12
 5, 1973,  4,  5,  7, 14
 6, 1973,  4, 20, 14, 30
 7, 1973,  5,  6,  0, 46
 8, 1973,  5, 21, 13, 54
 9, 1973,  6,  6,  5,  7
10, 1973,  6, 21, 22,  1
11, 1973,  7,  7, 15, 27
12, 1973,  7, 23,  8, 56
13, 1973,  8,  8,  1, 13
14, 1973,  8, 23, 15, 53
15, 1973,  9,  8,  3, 59
16, 1973,  9, 23, 13, 21
17, 1973, 10,  8, 19, 27
18, 1973, 10, 23, 22, 30
19, 1973, 11,  7, 22, 28
20, 1973, 11, 22, 19, 54
21, 1973, 12,  7, 15, 10
22, 1973, 12, 22,  9,  8
23, 1974,  1,  6,  2, 20
24, 1974,  1, 20, 19, 46
 1, 1974,  2,  4, 14,  0
 2, 1974,  2, 19,  9, 59
 3, 1974,  3,  6,  8,  7
 4, 1974,  3, 21,  9,  7
 5, 1974,  4,  5, 13,  5
 6, 1974,  4, 20, 20, 19
 7, 1974,  5,  6,  6, 34
 8, 1974,  5, 21, 19, 36
 9, 1974,  6,  6, 10, 52
10, 1974,  6, 22,  3, 38
11, 1974,  7,  7, 21, 11
12, 1974,  7, 23, 14, 30
13, 1974,  8,  8,  6, 57
14, 1974,  8, 23, 21, 29
15, 1974,  9,  8,  9, 45
16, 1974,  9, 23, 18, 58
17, 1974, 10,  9,  1, 15
18, 1974, 10, 24,  4, 11
19, 1974, 11,  8,  4, 18
20, 1974, 11, 23,  1, 38
21, 1974, 12,  7, 21,  5
22, 1974, 12, 22, 14, 56
23, 1975,  1,  6,  8, 18
24, 1975,  1, 21,  1, 36
 1, 1975,  2,  4, 19, 59
 2, 1975,  2, 19, 15, 50
 3, 1975,  3,  6, 14,  6
 4, 1975,  3, 21, 14, 57
 5, 1975,  4,  5, 19,  1
 6, 1975,  4, 21,  2,  7
 7, 1975,  5,  6, 12, 27
 8, 1975,  5, 22,  1, 24
 9, 1975,  6,  6, 16, 42
10, 1975,  6, 22,  9, 26
11, 1975,  7,  8,  2, 59
12, 1975,  7, 23, 20, 22
13, 1975,  8,  8, 12, 45
14, 1975,  8, 24,  3, 24
15, 1975,  9,  8, 15, 33
16, 1975,  9, 24,  0, 55
17, 1975, 10,  9,  7,  2
18, 1975, 10, 24, 10,  6
19, 1975, 11,  8, 10,  3
20, 1975, 11, 23,  7, 31
21, 1975, 12,  8,  2, 46
22, 1975, 12, 22, 20, 46
23, 1976,  1,  6, 13, 57
24, 1976,  1, 21,  7, 25
 1, 1976,  2,  5,  1, 39
 2, 1976,  2, 19, 21, 40
 3, 1976,  3,  5, 19, 48
 4, 1976,  3, 20, 20, 50
 5, 1976,  4,  5,  0, 46
 6, 1976,  4, 20,  8,  3
 7, 1976,  5,  5, 18, 14
 8, 1976,  5, 21,  7, 21
 9, 1976,  6,  5, 22, 31
10, 1976,  6, 21, 15, 24
11, 1976,  7,  7,  8, 51
12, 1976,  7, 23,  2, 18
13, 1976,  8,  7, 18, 38
14, 1976,  8, 23,  9, 18
15, 1976,  9,  7, 21, 28
16, 1976,  9, 23,  6, 48
17, 1976, 10,  8, 12, 58
18, 1976, 10, 23, 15, 58
19, 1976, 11,  7, 15, 59
20, 1976, 11, 22, 13, 22
21, 1976, 12,  7,  8, 41
22, 1976, 12, 22,  2, 35
23, 1977,  1,  5, 19, 51
24, 1977,  1, 20, 13, 14
 1, 1977,  2,  4,  7, 33
 2, 1977,  2, 19,  3, 30
 3, 1977,  3,  6,  1, 44
 4, 1977,  3, 21,  2, 42
 5, 1977,  4,  5,  6, 46
 6, 1977,  4, 20, 13, 57
 7, 1977,  5,  6,  0, 16
 8, 1977,  5, 21, 13, 14
 9, 1977,  6,  6,  4, 32
10, 1977,  6, 21, 21, 14
11, 1977,  7,  7, 14, 48
12, 1977,  7, 23,  8,  4
13, 1977,  8,  8,  0, 30
14, 1977,  8, 23, 15,  0
15, 1977,  9,  8,  3, 16
16, 1977,  9, 23, 12, 29
17, 1977, 10,  8, 18, 44
18, 1977, 10, 23, 21, 41
19, 1977, 11,  7, 21, 46
20, 1977, 11, 22, 19,  7
21, 1977, 12,  7, 14, 31
22, 1977, 12, 22,  8, 23
23, 1978,  1,  6,  1, 43
24, 1978,  1, 20, 19,  4
 1, 1978,  2,  4, 13, 27
 2, 1978,  2, 19,  9, 21
 3, 1978,  3,  6,  7, 38
 4, 1978,  3, 21,  8, 34
 5, 1978,  4,  5, 12, 39
 6, 1978,  4, 20, 19, 50
 7, 1978,  5,  6,  6,  9
 8, 1978,  5, 21, 19,  8
 9, 1978,  6,  6, 10, 23
10, 1978,  6, 22,  3, 10
11, 1978,  7,  7, 20, 37
12, 1978,  7, 23, 14,  0
13, 1978,  8,  8,  6, 18
14, 1978,  8, 23, 20, 57
15, 1978,  9,  8,  9,  2
16, 1978,  9, 23, 18, 25
17, 1978, 10,  9,  0, 31
18, 1978, 10, 24,  3, 37
19, 1978, 11,  8,  3, 34
20, 1978, 11, 23,  1,  5
21, 1978, 12,  7, 20, 20
22, 1978, 12, 22, 14, 21
23, 1979,  1,  6,  7, 32
24, 1979,  1, 21,  1,  0
 1, 1979,  2,  4, 19, 12
 2, 1979,  2, 19, 15, 13
 3, 1979,  3,  6, 13, 20
 4, 1979,  3, 21, 14, 22
 5, 1979,  4,  5, 18, 18
 6, 1979,  4, 21,  1, 35
 7, 1979,  5,  6, 11, 47
 8, 1979,  5, 22,  0, 54
 9, 1979,  6,  6, 16,  5
10, 1979,  6, 22,  8, 56
11, 1979,  7,  8,  2, 25
12, 1979,  7, 23, 19, 49
13, 1979,  8,  8, 12, 11
14, 1979,  8, 24,  2, 47
15, 1979,  9,  8, 15,  0
16, 1979,  9, 24,  0, 16
17, 1979, 10,  9,  6, 30
18, 1979, 10, 24,  9, 28
19, 1979, 11,  8,  9, 33
20, 1979, 11, 23,  6, 54
21, 1979, 12,  8,  2, 18
22, 1979, 12, 22, 20, 10
23, 1980,  1,  6, 13, 29
24, 1980,  1, 21,  6, 49
 1, 1980,  2,  5,  1,  9
 2, 1980,  2, 19, 21,  2
 3, 1980,  3,  5, 19, 17
 4, 1980,  3, 20, 20, 10
 5, 1980,  4,  5,  0, 15
 6, 1980,  4, 20,  7, 23
 7, 1980,  5,  5, 17, 44
 8, 1980,  5, 21,  6, 42
 9, 1980,  6,  5, 22,  4
10, 1980,  6, 21, 14, 47
11, 1980,  7,  7,  8, 24
12, 1980,  7, 23,  1, 42
13, 1980,  8,  7, 18,  9
14, 1980,  8, 23,  8, 41
15, 1980,  9,  7, 20, 53
16, 1980,  9, 23,  6,  9
17, 1980, 10,  8, 12, 19
18, 1980, 10, 23, 15, 18
19, 1980, 11,  7, 15, 18
20, 1980, 11, 22, 12, 41
21, 1980, 12,  7,  8,  1
22, 1980, 12, 22,  1, 56
23, 1981,  1,  5, 19, 13
24, 1981,  1, 20, 12, 36
 1, 1981,  2,  4,  6, 55
 2, 1981,  2, 19,  2, 52
 3, 1981,  3,  6,  1,  5
 4, 1981,  3, 21,  2,  3
 5, 1981,  4,  5,  6,  5
 6, 1981,  4, 20, 13, 19
 7, 1981,  5,  5, 23, 35
 8, 1981,  5, 21, 12, 39
 9, 1981,  6,  6,  3, 53
10, 1981,  6, 21, 20, 45
11, 1981,  7,  7, 14, 12
12, 1981,  7, 23,  7, 40
13, 1981,  8,  7, 23, 57
14, 1981,  8, 23, 14, 38
15, 1981,  9,  8,  2, 43
16, 1981,  9, 23, 12,  5
17, 1981, 10,  8, 18, 10
18, 1981, 10, 23, 21, 13
19, 1981, 11,  7, 21,  9
20, 1981, 11, 22, 18, 36
21, 1981, 12,  7, 13, 51
22, 1981, 12, 22,  7, 51
23, 1982,  1,  6,  1,  3
24, 1982,  1, 20, 18, 31
 1, 1982,  2,  4, 12, 45
 2, 1982,  2, 19,  8, 47
 3, 1982,  3,  6,  6, 55
 4, 1982,  3, 21,  7, 56
 5, 1982,  4,  5, 11, 53
 6, 1982,  4, 20, 19,  7
 7, 1982,  5,  6,  5, 20
 8, 1982,  5, 21, 18, 23
 9, 1982,  6,  6,  9, 36
10, 1982,  6, 22,  2, 23
11, 1982,  7,  7, 19, 55
12, 1982,  7, 23, 13, 15
13, 1982,  8,  8,  5, 42
14, 1982,  8, 23, 20, 15
15, 1982,  9,  8,  8, 32
16, 1982,  9, 23, 17, 46
17, 1982, 10,  9,  0,  2
18, 1982, 10, 24,  2, 58
19, 1982, 11,  8,  3,  4
20, 1982, 11, 23,  0, 23
21, 1982, 12,  7, 19, 48
22, 1982, 12, 22, 13, 38
23, 1983,  1,  6,  6, 59
24, 1983,  1, 21,  0, 17
 1, 1983,  2,  4, 18, 40
 2, 1983,  2, 19, 14, 31
 3, 1983,  3,  6, 12, 47
 4, 1983,  3, 21, 13, 39
 5, 1983,  4,  5, 17, 44
 6, 1983,  4, 21,  0, 50
 7, 1983,  5,  6, 11, 11
 8, 1983,  5, 22,  0,  6
 9, 1983,  6,  6, 15, 26
10, 1983,  6, 22,  8,  9
11, 1983,  7,  8,  1, 43
12, 1983,  7, 23, 19,  4
13, 1983,  8,  8, 11, 30
14, 1983,  8, 24,  2,  7
15, 1983,  9,  8, 14, 20
16, 1983,  9, 23, 23, 42
17, 1983, 10,  9,  5, 51
18, 1983, 10, 24,  8, 54
19, 1983, 11,  8,  8, 52
20, 1983, 11, 23,  6, 18
21, 1983, 12,  8,  1, 34
22, 1983, 12, 22, 19, 30
23, 1984,  1,  6, 12, 41
24, 1984,  1, 21,  6,  5
 1, 1984,  2,  5,  0, 19
 2, 1984,  2, 19, 20, 16
 3, 1984,  3,  5, 18, 25
 4, 1984,  3, 20, 19, 24
 5, 1984,  4,  4, 23, 22
 6, 1984,  4, 20,  6, 38
 7, 1984,  5,  5, 16, 51
 8, 1984,  5, 21,  5, 58
 9, 1984,  6,  5, 21,  9
10, 1984,  6, 21, 14,  2
11, 1984,  7,  7,  7, 29
12, 1984,  7, 23,  0, 58
13, 1984,  8,  7, 17, 18
14, 1984,  8, 23,  8,  0
15, 1984,  9,  7, 20, 10
16, 1984,  9, 23,  5, 33
17, 1984, 10,  8, 11, 43
18, 1984, 10, 23, 14, 46
19, 1984, 11,  7, 14, 46
20, 1984, 11, 22, 12, 11
21, 1984, 12,  7,  7, 28
22, 1984, 12, 22,  1, 23
23, 1985,  1,  5, 18, 35
24, 1985,  1, 20, 11, 58
 1, 1985,  2,  4,  6, 12
 2, 1985,  2, 19,  2,  7
 3, 1985,  3,  6,  0, 16
 4, 1985,  3, 21,  1, 14
 5, 1985,  4,  5,  5, 14
 6, 1985,  4, 20, 12, 26
 7, 1985,  5,  5, 22, 43
 8, 1985,  5, 21, 11, 43
 9, 1985,  6,  6,  3,  0
10, 1985,  6, 21, 19, 44
11, 1985,  7,  7, 13, 19
12, 1985,  7, 23,  6, 36
13, 1985,  8,  7, 23,  4
14, 1985,  8, 23, 13, 36
15, 1985,  9,  8,  1, 53
16, 1985,  9, 23, 11,  7
17, 1985, 10,  8, 17, 25
18, 1985, 10, 23, 20, 22
19, 1985, 11,  7, 20, 29
20, 1985, 11, 22, 17, 51
21, 1985, 12,  7, 13, 16
22, 1985, 12, 22,  7,  8
23, 1986,  1,  6,  0, 28
24, 1986,  1, 20, 17, 46
 1, 1986,  2,  4, 12,  8
 2, 1986,  2, 19,  7, 58
 3, 1986,  3,  6,  6, 12
 4, 1986,  3, 21,  7,  3
 5, 1986,  4,  5, 11,  6
 6, 1986,  4, 20, 18, 12
 7, 1986,  5,  6,  4, 31
 8, 1986,  5, 21, 17, 28
 9, 1986,  6,  6,  8, 44
10, 1986,  6, 22,  1, 30
11, 1986,  7,  7, 19,  1
12, 1986,  7, 23, 12, 24
13, 1986,  8,  8,  4, 46
14, 1986,  8, 23, 19, 26
15, 1986,  9,  8,  7, 35
16, 1986,  9, 23, 16, 59
17, 1986, 10,  8, 23,  7
18, 1986, 10, 24,  2, 14
19, 1986, 11,  8,  2, 13
20, 1986, 11, 22, 23, 44
21, 1986, 12,  7, 19,  1
22, 1986, 12, 22, 13,  2
23, 1987,  1,  6,  6, 13
24, 1987,  1, 20, 23, 40
 1, 1987,  2,  4, 17, 52
 2, 1987,  2, 19, 13, 50
 3, 1987,  3,  6, 11, 54
 4, 1987,  3, 21, 12, 52
 5, 1987,  4,  5, 16, 44
 6, 1987,  4, 20, 23, 58
 7, 1987,  5,  6, 10,  6
 8, 1987,  5, 21, 23, 10
 9, 1987,  6,  6, 14, 19
10, 1987,  6, 22,  7, 11
11, 1987,  7,  8,  0, 39
12, 1987,  7, 23, 18,  6
13, 1987,  8,  8, 10, 29
14, 1987,  8, 24,  1, 10
15, 1987,  9,  8, 13, 24
16, 1987,  9, 23, 22, 45
17, 1987, 10,  9,  5,  0
18, 1987, 10, 24,  8,  1
19, 1987, 11,  8,  8,  6
20, 1987, 11, 23,  5, 29
21, 1987, 12,  8,  0, 52
22, 1987, 12, 22, 18, 46
23, 1988,  1,  6, 12,  4
24, 1988,  1, 21,  5, 24
 1, 1988,  2,  4, 23, 43
 2, 1988,  2, 19, 19, 35
 3, 1988,  3,  5, 17, 47
 4, 1988,  3, 20, 18, 39
 5, 1988,  4,  4, 22, 39
 6, 1988,  4, 20,  5, 45
 7, 1988,  5,  5, 16,  2
 8, 1988,  5, 21,  4, 57
 9, 1988,  6,  5, 20, 15
10, 1988,  6, 21, 12, 57
11, 1988,  7,  7,  6, 33
12, 1988,  7, 22, 23, 51
13, 1988,  8,  7, 16, 20
14, 1988,  8, 23,  6, 54
15, 1988,  9,  7, 19, 12
16, 1988,  9, 23,  4, 29
17, 1988, 10,  8, 10, 44
18, 1988, 10, 23, 13, 44
19, 1988, 11,  7, 13, 49
20, 1988, 11, 22, 11, 12
21, 1988, 12,  7,  6, 34
22, 1988, 12, 22,  0, 28
23, 1989,  1,  5, 17, 46
24, 1989,  1, 20, 11,  7
 1, 1989,  2,  4,  5, 27
 2, 1989,  2, 19,  1, 21
 3, 1989,  3,  5, 23, 34
 4, 1989,  3, 21,  0, 28
 5, 1989,  4,  5,  4, 30
 6, 1989,  4, 20, 11, 39
 7, 1989,  5,  5, 21, 54
 8, 1989,  5, 21, 10, 54
 9, 1989,  6,  6,  2,  5
10, 1989,  6, 21, 18, 53
11, 1989,  7,  7, 12, 19
12, 1989,  7, 23,  5, 45
13, 1989,  8,  7, 22,  4
14, 1989,  8, 23, 12, 46
15, 1989,  9,  8,  0, 54
16, 1989,  9, 23, 10, 20
17, 1989, 10,  8, 16, 27
18, 1989, 10, 23, 19, 35
19, 1989, 11,  7, 19, 34
20, 1989, 11, 22, 17,  5
21, 1989, 12,  7, 12, 21
22, 1989, 12, 22,  6, 22
23, 1990,  1,  5, 23, 33
24, 1990,  1, 20, 17,  2
 1, 1990,  2,  4, 11, 14
 2, 1990,  2, 19,  7, 14
 3, 1990,  3,  6,  5, 19
 4, 1990,  3, 21,  6, 19
 5, 1990,  4,  5, 10, 13
 6, 1990,  4, 20, 17, 27
 7, 1990,  5,  6,  3, 35
 8, 1990,  5, 21, 16, 37
 9, 1990,  6,  6,  7, 46
10, 1990,  6, 22,  0, 33
11, 1990,  7,  7, 18,  0
12, 1990,  7, 23, 11, 22
13, 1990,  8,  8,  3, 46
14, 1990,  8, 23, 18, 21
15, 1990,  9,  8,  6, 37
16, 1990,  9, 23, 15, 56
17, 1990, 10,  8, 22, 14
18, 1990, 10, 24,  1, 14
19, 1990, 11,  8,  1, 23
20, 1990, 11, 22, 22, 47
21, 1990, 12,  7, 18, 14
22, 1990, 12, 22, 12,  7
23, 1991,  1,  6,  5, 28
24, 1991,  1, 20, 22, 47
 1, 1991,  2,  4, 17,  8
 2, 1991,  2, 19, 12, 58
 3, 1991,  3,  6, 11, 12
 4, 1991,  3, 21, 12,  2
 5, 1991,  4,  5, 16,  5
 6, 1991,  4, 20, 23,  8
 7, 1991,  5,  6,  9, 27
 8, 1991,  5, 21, 22, 20
 9, 1991,  6,  6, 13, 38
10, 1991,  6, 22,  6, 19
11, 1991,  7,  7, 23, 53
12, 1991,  7, 23, 17, 11
13, 1991,  8,  8,  9, 37
14, 1991,  8, 24,  0, 13
15, 1991,  9,  8, 12, 27
16, 1991,  9, 23, 21, 48
17, 1991, 10,  9,  4,  1
18, 1991, 10, 24,  7,  5
19, 1991, 11,  8,  7,  8
20, 1991, 11, 23,  4, 36
21, 1991, 12,  7, 23, 56
22, 1991, 12, 22, 17, 54
23, 1992,  1,  6, 11,  9
24, 1992,  1, 21,  4, 32
 1, 1992,  2,  4, 22, 48
 2, 1992,  2, 19, 18, 43
 3, 1992,  3,  5, 16, 52
 4, 1992,  3, 20, 17, 48
 5, 1992,  4,  4, 21, 45
 6, 1992,  4, 20,  4, 57
 7, 1992,  5,  5, 15,  9
 8, 1992,  5, 21,  4, 12
 9, 1992,  6,  5, 19, 22
10, 1992,  6, 21, 12, 14
11, 1992,  7,  7,  5, 40
12, 1992,  7, 22, 23,  9
13, 1992,  8,  7, 15, 27
14, 1992,  8, 23,  6, 10
15, 1992,  9,  7, 18, 18
16, 1992,  9, 23,  3, 43
17, 1992, 10,  8,  9, 51
18, 1992, 10, 23, 12, 57
19, 1992, 11,  7, 12, 57
20, 1992, 11, 22, 10, 26
21, 1992, 12,  7,  5, 44
22, 1992, 12, 21, 23, 43
23, 1993,  1,  5, 16, 57
24, 1993,  1, 20, 10, 23
 1, 1993,  2,  4,  4, 37
 2, 1993,  2, 19,  0, 35
 3, 1993,  3,  5, 22, 43
 4, 1993,  3, 20, 23, 41
 5, 1993,  4,  5,  3, 37
 6, 1993,  4, 20, 10, 49
 7, 1993,  5,  5, 21,  2
 8, 1993,  5, 21, 10,  2
 9, 1993,  6,  6,  1, 15
10, 1993,  6, 21, 18,  0
11, 1993,  7,  7, 11, 32
12, 1993,  7, 23,  4, 51
13, 1993,  8,  7, 21, 18
14, 1993,  8, 23, 11, 50
15, 1993,  9,  8,  0,  8
16, 1993,  9, 23,  9, 22
17, 1993, 10,  8, 15, 40
18, 1993, 10, 23, 18, 37
19, 1993, 11,  7, 18, 46
20, 1993, 11, 22, 16,  7
21, 1993, 12,  7, 11, 34
22, 1993, 12, 22,  5, 26
23, 1994,  1,  5, 22, 48
24, 1994,  1, 20, 16,  7
 1, 1994,  2,  4, 10, 31
 2, 1994,  2, 19,  6, 22
 3, 1994,  3,  6,  4, 38
 4, 1994,  3, 21,  5, 28
 5, 1994,  4,  5,  9, 32
 6, 1994,  4, 20, 16, 36
 7, 1994,  5,  6,  2, 54
 8, 1994,  5, 21, 15, 48
 9, 1994,  6,  6,  7,  5
10, 1994,  6, 21, 23, 48
11, 1994,  7,  7, 17, 19
12, 1994,  7, 23, 10, 41
13, 1994,  8,  8,  3,  4
14, 1994,  8, 23, 17, 44
15, 1994,  9,  8,  5, 55
16, 1994,  9, 23, 15, 19
17, 1994, 10,  8, 21, 29
18, 1994, 10, 24,  0, 36
19, 1994, 11,  8,  0, 36
20, 1994, 11, 22, 22,  6
21, 1994, 12,  7, 17, 23
22, 1994, 12, 22, 11, 23
23, 1995,  1,  6,  4, 34
24, 1995,  1, 20, 22,  0
 1, 1995,  2,  4, 16, 13
 2, 1995,  2, 19, 12, 11
 3, 1995,  3,  6, 10, 16
 4, 1995,  3, 21, 11, 14
 5, 1995,  4,  5, 15,  8
 6, 1995,  4, 20, 22, 21
 7, 1995,  5,  6,  8, 30
 8, 1995,  5, 21, 21, 34
 9, 1995,  6,  6, 12, 42
10, 1995,  6, 22,  5, 34
11, 1995,  7,  7, 23,  1
12, 1995,  7, 23, 16, 30
13, 1995,  8,  8,  8, 52
14, 1995,  8, 23, 23, 35
15, 1995,  9,  8, 11, 49
16, 1995,  9, 23, 21, 13
17, 1995, 10,  9,  3, 27
18, 1995, 10, 24,  6, 32
19, 1995, 11,  8,  6, 36
20, 1995, 11, 23,  4,  1
21, 1995, 12,  7, 23, 22
22, 1995, 12, 22, 17, 17
23, 1996,  1,  6, 10, 31
24, 1996,  1, 21,  3, 53
 1, 1996,  2,  4, 22,  8
 2, 1996,  2, 19, 18,  1
 3, 1996,  3,  5, 16, 10
 4, 1996,  3, 20, 17,  3
 5, 1996,  4,  4, 21,  2
 6, 1996,  4, 20,  4, 10
 7, 1996,  5,  5, 14, 26
 8, 1996,  5, 21,  3, 23
 9, 1996,  6,  5, 18, 41
10, 1996,  6, 21, 11, 24
11, 1996,  7,  7,  5,  0
12, 1996,  7, 22, 22, 19
13, 1996,  8,  7, 14, 49
14, 1996,  8, 23,  5, 23
15, 1996,  9,  7, 17, 42
16, 1996,  9, 23,  3,  0
17, 1996, 10,  8,  9, 19
18, 1996, 10, 23, 12, 19
19, 1996, 11,  7, 12, 27
20, 1996, 11, 22,  9, 49
21, 1996, 12,  7,  5, 14
22, 1996, 12, 21, 23,  6
23, 1997,  1,  5, 16, 24
24, 1997,  1, 20,  9, 43
 1, 1997,  2,  4,  4,  2
 2, 1997,  2, 18, 23, 51
 3, 1997,  3,  5, 22,  4
 4, 1997,  3, 20, 22, 55
 5, 1997,  4,  5,  2, 56
 6, 1997,  4, 20, 10,  3
 7, 1997,  5,  5, 20, 19
 8, 1997,  5, 21,  9, 18
 9, 1997,  6,  6,  0, 33
10, 1997,  6, 21, 17, 20
11, 1997,  7,  7, 10, 49
12, 1997,  7, 23,  4, 15
13, 1997,  8,  7, 20, 36
14, 1997,  8, 23, 11, 19
15, 1997,  9,  7, 23, 29
16, 1997,  9, 23,  8, 56
17, 1997, 10,  8, 15,  5
18, 1997, 10, 23, 18, 15
19, 1997, 11,  7, 18, 15
20, 1997, 11, 22, 15, 48
21, 1997, 12,  7, 11,  5
22, 1997, 12, 22,  5,  7
23, 1998,  1,  5, 22, 18
24, 1998,  1, 20, 15, 46
 1, 1998,  2,  4,  9, 57
 2, 1998,  2, 19,  5, 55
 3, 1998,  3,  6,  3, 57
 4, 1998,  3, 21,  4, 55
 5, 1998,  4,  5,  8, 45
 6, 1998,  4, 20, 15, 57
 7, 1998,  5,  6,  2,  3
 8, 1998,  5, 21, 15,  5
 9, 1998,  6,  6,  6, 13
10, 1998,  6, 21, 23,  3
11, 1998,  7,  7, 16, 30
12, 1998,  7, 23,  9, 55
13, 1998,  8,  8,  2, 20
14, 1998,  8, 23, 16, 59
15, 1998,  9,  8,  5, 16
16, 1998,  9, 23, 14, 37
17, 1998, 10,  8, 20, 56
18, 1998, 10, 23, 23, 59
19, 1998, 11,  8,  0,  8
20, 1998, 11, 22, 21, 34
21, 1998, 12,  7, 17,  2
22, 1998, 12, 22, 10, 56
23, 1999,  1,  6,  4, 17
24, 1999,  1, 20, 21, 37
 1, 1999,  2,  4, 15, 57
 2, 1999,  2, 19, 11, 47
 3, 1999,  3,  6,  9, 58
 4, 1999,  3, 21, 10, 46
 5, 1999,  4,  5, 14, 45
 6, 1999,  4, 20, 21, 46
 7, 1999,  5,  6,  8,  1
 8, 1999,  5, 21, 20, 52
 9, 1999,  6,  6, 12,  9
10, 1999,  6, 22,  4, 49
11, 1999,  7,  7, 22, 25
12, 1999,  7, 23, 15, 44
13, 1999,  8,  8,  8, 14
14, 1999,  8, 23, 22, 51
15, 1999,  9,  8, 11, 10
16, 1999,  9, 23, 20, 32
17, 1999, 10,  9,  2, 48
18, 1999, 10, 24,  5, 52
19, 1999, 11,  8,  5, 58
20, 1999, 11, 23,  3, 25
21, 1999, 12,  7, 22, 47
22, 1999, 12, 22, 16, 44
23, 2000,  1,  6, 10,  1
24, 2000,  1, 21,  3, 23
 1, 2000,  2,  4, 21, 40
 2, 2000,  2, 19, 17, 33
 3, 2000,  3,  5, 15, 43
 4, 2000,  3, 20, 16, 35
 5, 2000,  4,  4, 20, 32
 6, 2000,  4, 20,  3, 40
 7, 2000,  5,  5, 13, 50
 8, 2000,  5, 21,  2, 49
 9, 2000,  6,  5, 17, 59
10, 2000,  6, 21, 10, 48
11, 2000,  7,  7,  4, 14
12, 2000,  7, 22, 21, 43
13, 2000,  8,  7, 14,  3
14, 2000,  8, 23,  4, 49
15, 2000,  9,  7, 16, 59
16, 2000,  9, 23,  2, 28
17, 2000, 10,  8,  8, 38
18, 2000, 10, 23, 11, 47
19, 2000, 11,  7, 11, 48
20, 2000, 11, 22,  9, 19
21, 2000, 12,  7,  4, 37
22, 2000, 12, 21, 22, 37
23, 2001,  1,  5, 15, 49
24, 2001,  1, 20,  9, 16
 1, 2001,  2,  4,  3, 29
 2, 2001,  2, 18, 23, 27
 3, 2001,  3,  5, 21, 33
 4, 2001,  3, 20, 22, 31
 5, 2001,  4,  5,  2, 24
 6, 2001,  4, 20,  9, 36
 7, 2001,  5,  5, 19, 45
 8, 2001,  5, 21,  8, 44
 9, 2001,  6,  5, 23, 54
10, 2001,  6, 21, 16, 38
11, 2001,  7,  7, 10,  7
12, 2001,  7, 23,  3, 26
13, 2001,  8,  7, 19, 52
14, 2001,  8, 23, 10, 27
15, 2001,  9,  7, 22, 46
16, 2001,  9, 23,  8,  4
17, 2001, 10,  8, 14, 25
18, 2001, 10, 23, 17, 26
19, 2001, 11,  7, 17, 37
20, 2001, 11, 22, 15,  0
21, 2001, 12,  7, 10, 29
22, 2001, 12, 22,  4, 21
23, 2002,  1,  5, 21, 44
24, 2002,  1, 20, 15,  2
 1, 2002,  2,  4,  9, 24
 2, 2002,  2, 19,  5, 13
 3, 2002,  3,  6,  3, 28
 4, 2002,  3, 21,  4, 16
 5, 2002,  4,  5,  8, 18
 6, 2002,  4, 20, 15, 20
 7, 2002,  5,  6,  1, 37
 8, 2002,  5, 21, 14, 29
 9, 2002,  6,  6,  5, 45
10, 2002,  6, 21, 22, 24
11, 2002,  7,  7, 15, 56
12, 2002,  7, 23,  9, 15
13, 2002,  8,  8,  1, 39
14, 2002,  8, 23, 16, 17
15, 2002,  9,  8,  4, 31
16, 2002,  9, 23, 13, 55
17, 2002, 10,  8, 20,  9
18, 2002, 10, 23, 23, 18
19, 2002, 11,  7, 23, 22
20, 2002, 11, 22, 20, 54
21, 2002, 12,  7, 16, 14
22, 2002, 12, 22, 10, 14
23, 2003,  1,  6,  3, 28
24, 2003,  1, 20, 20, 53
 1, 2003,  2,  4, 15,  5
 2, 2003,  2, 19, 11,  0
 3, 2003,  3,  6,  9,  5
 4, 2003,  3, 21, 10,  0
 5, 2003,  4,  5, 13, 52
 6, 2003,  4, 20, 21,  3
 7, 2003,  5,  6,  7, 10
 8, 2003,  5, 21, 20, 12
 9, 2003,  6,  6, 11, 20
10, 2003,  6, 22,  4, 10
11, 2003,  7,  7, 21, 36
12, 2003,  7, 23, 15,  4
13, 2003,  8,  8,  7, 24
14, 2003,  8, 23, 22,  8
15, 2003,  9,  8, 10, 20
16, 2003,  9, 23, 19, 47
17, 2003, 10,  9,  2,  1
18, 2003, 10, 24,  5,  8
19, 2003, 11,  8,  5, 13
20, 2003, 11, 23,  2, 43
21, 2003, 12,  7, 22,  5
22, 2003, 12, 22, 16,  4
23, 2004,  1,  6,  9, 19
24, 2004,  1, 21,  2, 42
 1, 2004,  2,  4, 20, 56
 2, 2004,  2, 19, 16, 50
 3, 2004,  3,  5, 14, 56
 4, 2004,  3, 20, 15, 49
 5, 2004,  4,  4, 19, 43
 6, 2004,  4, 20,  2, 50
 7, 2004,  5,  5, 13,  2
 8, 2004,  5, 21,  1, 59
 9, 2004,  6,  5, 17, 14
10, 2004,  6, 21,  9, 57
11, 2004,  7,  7,  3, 31
12, 2004,  7, 22, 20, 50
13, 2004,  8,  7, 13, 20
14, 2004,  8, 23,  3, 53
15, 2004,  9,  7, 16, 13
16, 2004,  9, 23,  1, 30
17, 2004, 10,  8,  7, 49
18, 2004, 10, 23, 10, 49
19, 2004, 11,  7, 10, 59
20, 2004, 11, 22,  8, 22
21, 2004, 12,  7,  3, 49
22, 2004, 12, 21, 21, 42
23, 2005,  1,  5, 15,  3
24, 2005,  1, 20,  8, 22
 1, 2005,  2,  4,  2, 43
 2, 2005,  2, 18, 22, 32
 3, 2005,  3,  5, 20, 45
 4, 2005,  3, 20, 21, 33
 5, 2005,  4,  5,  1, 34
 6, 2005,  4, 20,  8, 37
 7, 2005,  5,  5, 18, 53
 8, 2005,  5, 21,  7, 47
 9, 2005,  6,  5, 23,  2
10, 2005,  6, 21, 15, 46
11, 2005,  7,  7,  9, 17
12, 2005,  7, 23,  2, 41
13, 2005,  8,  7, 19,  3
14, 2005,  8, 23,  9, 45
15, 2005,  9,  7, 21, 57
16, 2005,  9, 23,  7, 23
17, 2005, 10,  8, 13, 33
18, 2005, 10, 23, 16, 42
19, 2005, 11,  7, 16, 42
20, 2005, 11, 22, 14, 15
21, 2005, 12,  7,  9, 33
22, 2005, 12, 22,  3, 35
23, 2006,  1,  5, 20, 47
24, 2006,  1, 20, 14, 15
 1, 2006,  2,  4,  8, 27
 2, 2006,  2, 19,  4, 26
 3, 2006,  3,  6,  2, 29
 4, 2006,  3, 21,  3, 26
 5, 2006,  4,  5,  7, 15
 6, 2006,  4, 20, 14, 26
 7, 2006,  5,  6,  0, 31
 8, 2006,  5, 21, 13, 32
 9, 2006,  6,  6,  4, 37
10, 2006,  6, 21, 21, 26
11, 2006,  7,  7, 14, 51
12, 2006,  7, 23,  8, 18
13, 2006,  8,  8,  0, 41
14, 2006,  8, 23, 15, 23
15, 2006,  9,  8,  3, 39
16, 2006,  9, 23, 13,  3
17, 2006, 10,  8, 19, 21
18, 2006, 10, 23, 22, 26
19, 2006, 11,  7, 22, 35
20, 2006, 11, 22, 20,  2
21, 2006, 12,  7, 15, 27
22, 2006, 12, 22,  9, 22
23, 2007,  1,  6,  2, 40
24, 2007,  1, 20, 20,  1
 1, 2007,  2,  4, 14, 18
 2, 2007,  2, 19, 10,  9
 3, 2007,  3,  6,  8, 18
 4, 2007,  3, 21,  9,  7
 5, 2007,  4,  5, 13,  5
 6, 2007,  4, 20, 20,  7
 7, 2007,  5,  6,  6, 20
 8, 2007,  5, 21, 19, 12
 9, 2007,  6,  6, 10, 27
10, 2007,  6, 22,  3,  6
11, 2007,  7,  7, 20, 42
12, 2007,  7, 23, 14,  0
13, 2007,  8,  8,  6, 31
14, 2007,  8, 23, 21,  8
15, 2007,  9,  8,  9, 29
16, 2007,  9, 23, 18, 51
17, 2007, 10,  9,  1, 12
18, 2007, 10, 24,  4, 15
19, 2007, 11,  8,  4, 24
20, 2007, 11, 23,  1, 50
21, 2007, 12,  7, 21, 14
22, 2007, 12, 22, 15,  8
23, 2008,  1,  6,  8, 25
24, 2008,  1, 21,  1, 44
 1, 2008,  2,  4, 20,  0
 2, 2008,  2, 19, 15, 50
 3, 2008,  3,  5, 13, 59
 4, 2008,  3, 20, 14, 48
 5, 2008,  4,  4, 18, 46
 6, 2008,  4, 20,  1, 51
 7, 2008,  5,  5, 12,  3
 8, 2008,  5, 21,  1,  1
 9, 2008,  6,  5, 16, 12
10, 2008,  6, 21,  8, 59
11, 2008,  7,  7,  2, 27
12, 2008,  7, 22, 19, 55
13, 2008,  8,  7, 12, 16
14, 2008,  8, 23,  3,  2
15, 2008,  9,  7, 15, 14
16, 2008,  9, 23,  0, 44
17, 2008, 10,  8,  6, 57
18, 2008, 10, 23, 10,  9
19, 2008, 11,  7, 10, 11
20, 2008, 11, 22,  7, 44
21, 2008, 12,  7,  3,  2
22, 2008, 12, 21, 21,  4
23, 2009,  1,  5, 14, 14
24, 2009,  1, 20,  7, 40
 1, 2009,  2,  4,  1, 50
 2, 2009,  2, 18, 21, 46
 3, 2009,  3,  5, 19, 48
 4, 2009,  3, 20, 20, 44
 5, 2009,  4,  5,  0, 34
 6, 2009,  4, 20,  7, 44
 7, 2009,  5,  5, 17, 51
 8, 2009,  5, 21,  6, 51
 9, 2009,  6,  5, 21, 59
10, 2009,  6, 21, 14, 46
11, 2009,  7,  7,  8, 14
12, 2009,  7, 23,  1, 36
13, 2009,  8,  7, 18,  1
14, 2009,  8, 23,  8, 39
15, 2009,  9,  7, 20, 58
16, 2009,  9, 23,  6, 19
17, 2009, 10,  8, 12, 40
18, 2009, 10, 23, 15, 43
19, 2009, 11,  7, 15, 56
20, 2009, 11, 22, 13, 23
21, 2009, 12,  7,  8, 52
22, 2009, 12, 22,  2, 47
23, 2010,  1,  5, 20,  9
24, 2010,  1, 20, 13, 28
 1, 2010,  2,  4,  7, 48
 2, 2010,  2, 19,  3, 36
 3, 2010,  3,  6,  1, 46
 4, 2010,  3, 21,  2, 32
 5, 2010,  4,  5,  6, 30
 6, 2010,  4, 20, 13, 30
 7, 2010,  5,  5, 23, 44
 8, 2010,  5, 21, 12, 34
 9, 2010,  6,  6,  3, 49
10, 2010,  6, 21, 20, 28
11, 2010,  7,  7, 14,  2
12, 2010,  7, 23,  7, 21
13, 2010,  8,  7, 23, 49
14, 2010,  8, 23, 14, 27
15, 2010,  9,  8,  2, 45
16, 2010,  9, 23, 12,  9
17, 2010, 10,  8, 18, 26
18, 2010, 10, 23, 21, 35
19, 2010, 11,  7, 21, 43
20, 2010, 11, 22, 19, 15
21, 2010, 12,  7, 14, 38
22, 2010, 12, 22,  8, 38
23, 2011,  1,  6,  1, 55
24, 2011,  1, 20, 19, 19
 1, 2011,  2,  4, 13, 33
 2, 2011,  2, 19,  9, 25
 3, 2011,  3,  6,  7, 30
 4, 2011,  3, 21,  8, 21
 5, 2011,  4,  5, 12, 12
 6, 2011,  4, 20, 19, 17
 7, 2011,  5,  6,  5, 23
 8, 2011,  5, 21, 18, 21
 9, 2011,  6,  6,  9, 27
10, 2011,  6, 22,  2, 17
11, 2011,  7,  7, 19, 42
12, 2011,  7, 23, 13, 12
13, 2011,  8,  8,  5, 33
14, 2011,  8, 23, 20, 21
15, 2011,  9,  8,  8, 34
16, 2011,  9, 23, 18,  5
17, 2011, 10,  9,  0, 19
18, 2011, 10, 24,  3, 30
19, 2011, 11,  8,  3, 35
20, 2011, 11, 23,  1,  8
21, 2011, 12,  7, 20, 29
22, 2011, 12, 22, 14, 30
23, 2012,  1,  6,  7, 44
24, 2012,  1, 21,  1, 10
 1, 2012,  2,  4, 19, 22
 2, 2012,  2, 19, 15, 18
 3, 2012,  3,  5, 13, 21
 4, 2012,  3, 20, 14, 14
 5, 2012,  4,  4, 18,  6
 6, 2012,  4, 20,  1, 12
 7, 2012,  5,  5, 11, 20
 8, 2012,  5, 21,  0, 16
 9, 2012,  6,  5, 15, 26
10, 2012,  6, 21,  8,  9
11, 2012,  7,  7,  1, 41
12, 2012,  7, 22, 19,  1
13, 2012,  8,  7, 11, 31
14, 2012,  8, 23,  2,  7
15, 2012,  9,  7, 14, 29
16, 2012,  9, 22, 23, 49
17, 2012, 10,  8,  6, 12
18, 2012, 10, 23,  9, 14
19, 2012, 11,  7,  9, 26
20, 2012, 11, 22,  6, 50
21, 2012, 12,  7,  2, 19
22, 2012, 12, 21, 20, 12
23, 2013,  1,  5, 13, 34
24, 2013,  1, 20,  6, 52
 1, 2013,  2,  4,  1, 13
 2, 2013,  2, 18, 21,  2
 3, 2013,  3,  5, 19, 15
 4, 2013,  3, 20, 20,  2
 5, 2013,  4,  5,  0,  2
 6, 2013,  4, 20,  7,  3
 7, 2013,  5,  5, 17, 18
 8, 2013,  5, 21,  6, 10
 9, 2013,  6,  5, 21, 23
10, 2013,  6, 21, 14,  4
11, 2013,  7,  7,  7, 35
12, 2013,  7, 23,  0, 56
13, 2013,  8,  7, 17, 20
14, 2013,  8, 23,  8,  2
15, 2013,  9,  7, 20, 16
16, 2013,  9, 23,  5, 44
17, 2013, 10,  8, 11, 59
18, 2013, 10, 23, 15, 10
19, 2013, 11,  7, 15, 14
20, 2013, 11, 22, 12, 48
21, 2013, 12,  7,  8,  9
22, 2013, 12, 22,  2, 11
23, 2014,  1,  5, 19, 24
24, 2014,  1, 20, 12, 51
 1, 2014,  2,  4,  7,  3
 2, 2014,  2, 19,  3,  0
 3, 2014,  3,  6,  1,  2
 4, 2014,  3, 21,  1, 57
 5, 2014,  4,  5,  5, 47
 6, 2014,  4, 20, 12, 56
 7, 2014,  5,  5, 22, 59
 8, 2014,  5, 21, 11, 59
 9, 2014,  6,  6,  3,  3
10, 2014,  6, 21, 19, 51
11, 2014,  7,  7, 13, 15
12, 2014,  7, 23,  6, 41
13, 2014,  8,  7, 23,  2
14, 2014,  8, 23, 13, 46
15, 2014,  9,  8,  2,  1
16, 2014,  9, 23, 11, 29
17, 2014, 10,  8, 17, 48
18, 2014, 10, 23, 20, 57
19, 2014, 11,  7, 21,  7
20, 2014, 11, 22, 18, 38
21, 2014, 12,  7, 14,  4
22, 2014, 12, 22,  8,  3
23, 2015,  1,  6,  1, 21
24, 2015,  1, 20, 18, 43
 1, 2015,  2,  4, 12, 58
 2, 2015,  2, 19,  8, 50
 3, 2015,  3,  6,  6, 56
 4, 2015,  3, 21,  7, 45
 5, 2015,  4,  5, 11, 39
 6, 2015,  4, 20, 18, 42
 7, 2015,  5,  6,  4, 53
 8, 2015,  5, 21, 17, 45
 9, 2015,  6,  6,  8, 58
10, 2015,  6, 22,  1, 38
11, 2015,  7,  7, 19, 12
12, 2015,  7, 23, 12, 30
13, 2015,  8,  8,  5,  1
14, 2015,  8, 23, 19, 37
15, 2015,  9,  8,  8,  0
16, 2015,  9, 23, 17, 21
17, 2015, 10,  8, 23, 43
18, 2015, 10, 24,  2, 47
19, 2015, 11,  8,  2, 59
20, 2015, 11, 23,  0, 25
21, 2015, 12,  7, 19, 53
22, 2015, 12, 22, 13, 48
23, 2016,  1,  6,  7,  8
24, 2016,  1, 21,  0, 27
 1, 2016,  2,  4, 18, 46
 2, 2016,  2, 19, 14, 34
 3, 2016,  3,  5, 12, 44
 4, 2016,  3, 20, 13, 30
 5, 2016,  4,  4, 17, 28
 6, 2016,  4, 20,  0, 29
 7, 2016,  5,  5, 10, 42
 8, 2016,  5, 20, 23, 36
 9, 2016,  6,  5, 14, 49
10, 2016,  6, 21,  7, 34
11, 2016,  7,  7,  1,  3
12, 2016,  7, 22, 18, 30
13, 2016,  8,  7, 10, 53
14, 2016,  8, 23,  1, 38
15, 2016,  9,  7, 13, 51
16, 2016,  9, 22, 23, 21
17, 2016, 10,  8,  5, 33
18, 2016, 10, 23,  8, 46
19, 2016, 11,  7,  8, 48
20, 2016, 11, 22,  6, 22
21, 2016, 12,  7,  1, 41
22, 2016, 12, 21, 19, 44
23, 2017,  1,  5, 12, 56
24, 2017,  1, 20,  6, 24
 1, 2017,  2,  4,  0, 34
 2, 2017,  2, 18, 20, 31
 3, 2017,  3,  5, 18, 33
 4, 2017,  3, 20, 19, 29
 5, 2017,  4,  4, 23, 17
 6, 2017,  4, 20,  6, 27
 7, 2017,  5,  5, 16, 31
 8, 2017,  5, 21,  5, 31
 9, 2017,  6,  5, 20, 37
10, 2017,  6, 21, 13, 24
11, 2017,  7,  7,  6, 51
12, 2017,  7, 23,  0, 15
13, 2017,  8,  7, 16, 40
14, 2017,  8, 23,  7, 20
15, 2017,  9,  7, 19, 39
16, 2017,  9, 23,  5,  2
17, 2017, 10,  8, 11, 22
18, 2017, 10, 23, 14, 27
19, 2017, 11,  7, 14, 38
20, 2017, 11, 22, 12,  5
21, 2017, 12,  7,  7, 33
22, 2017, 12, 22,  1, 28
23, 2018,  1,  5, 18, 49
24, 2018,  1, 20, 12,  9
 1, 2018,  2,  4,  6, 28
 2, 2018,  2, 19,  2, 18
 3, 2018,  3,  6,  0, 28
 4, 2018,  3, 21,  1, 15
 5, 2018,  4,  5,  5, 13
 6, 2018,  4, 20, 12, 13
 7, 2018,  5,  5, 22, 25
 8, 2018,  5, 21, 11, 15
 9, 2018,  6,  6,  2, 29
10, 2018,  6, 21, 19,  7
11, 2018,  7,  7, 12, 42
12, 2018,  7, 23,  6,  0
13, 2018,  8,  7, 22, 31
14, 2018,  8, 23, 13,  9
15, 2018,  9,  8,  1, 30
16, 2018,  9, 23, 10, 54
17, 2018, 10,  8, 17, 15
18, 2018, 10, 23, 20, 22
19, 2018, 11,  7, 20, 32
20, 2018, 11, 22, 18,  2
21, 2018, 12,  7, 13, 26
22, 2018, 12, 22,  7, 23
23, 2019,  1,  6,  0, 39
24, 2019,  1, 20, 18,  0
 1, 2019,  2,  4, 12, 14
 2, 2019,  2, 19,  8,  4
 3, 2019,  3,  6,  6, 10
 4, 2019,  3, 21,  6, 58
 5, 2019,  4,  5, 10, 51
 6, 2019,  4, 20, 17, 55
 7, 2019,  5,  6,  4,  3
 8, 2019,  5, 21, 16, 59
 9, 2019,  6,  6,  8,  6
10, 2019,  6, 22,  0, 54
11, 2019,  7,  7, 18, 21
12, 2019,  7, 23, 11, 50
13, 2019,  8,  8,  4, 13
14, 2019,  8, 23, 19,  2
15, 2019,  9,  8,  7, 17
16, 2019,  9, 23, 16, 50
17, 2019, 10,  8, 23,  6
18, 2019, 10, 24,  2, 20
19, 2019, 11,  8,  2, 24
20, 2019, 11, 22, 23, 59
21, 2019, 12,  7, 19, 18
22, 2019, 12, 22, 13, 19
23, 2020,  1,  6,  6, 30
24, 2020,  1, 20, 23, 55
 1, 2020,  2,  4, 18,  3
 2, 2020,  2, 19, 13, 57
 3, 2020,  3,  5, 11, 57
 4, 2020,  3, 20, 12, 50
 5, 2020,  4,  4, 16, 38
 6, 2020,  4, 19, 23, 45
 7, 2020,  5,  5,  9, 51
 8, 2020,  5, 20, 22, 49
 9, 2020,  6,  5, 13, 58
10, 2020,  6, 21,  6, 44
11, 2020,  7,  7,  0, 14
12, 2020,  7, 22, 17, 37
13, 2020,  8,  7, 10,  6
14, 2020,  8, 23,  0, 45
15, 2020,  9,  7, 13,  8
16, 2020,  9, 22, 22, 31
17, 2020, 10,  8,  4, 55
18, 2020, 10, 23,  8,  0
19, 2020, 11,  7,  8, 14
20, 2020, 11, 22,  5, 40
21, 2020, 12,  7,  1, 10
22, 2020, 12, 21, 19,  2
23, 2021,  1,  5, 12, 23
24, 2021,  1, 20,  5, 40
 1, 2021,  2,  3, 23, 59
 2, 2021,  2, 18, 19, 44
 3, 2021,  3,  5, 17, 54
 4, 2021,  3, 20, 18, 37
 5, 2021,  4,  4, 22, 35
 6, 2021,  4, 20,  5, 33
 7, 2021,  5,  5, 15, 47
 8, 2021,  5, 21,  4, 37
 9, 2021,  6,  5, 19, 52
10, 2021,  6, 21, 12, 32
11, 2021,  7,  7,  6,  5
12, 2021,  7, 22, 23, 26
13, 2021,  8,  7, 15, 54
14, 2021,  8, 23,  6, 35
15, 2021,  9,  7, 18, 53
16, 2021,  9, 23,  4, 21
17, 2021, 10,  8, 10, 39
18, 2021, 10, 23, 13, 51
19, 2021, 11,  7, 13, 59
20, 2021, 11, 22, 11, 34
21, 2021, 12,  7,  6, 57
22, 2021, 12, 22,  0, 59
23, 2022,  1,  5, 18, 14
24, 2022,  1, 20, 11, 39
 1, 2022,  2,  4,  5, 51
 2, 2022,  2, 19,  1, 43
 3, 2022,  3,  5, 23, 44
 4, 2022,  3, 21,  0, 33
 5, 2022,  4,  5,  4, 20
 6, 2022,  4, 20, 11, 24
 7, 2022,  5,  5, 21, 26
 8, 2022,  5, 21, 10, 23
 9, 2022,  6,  6,  1, 26
10, 2022,  6, 21, 18, 14
11, 2022,  7,  7, 11, 38
12, 2022,  7, 23,  5,  7
13, 2022,  8,  7, 21, 29
14, 2022,  8, 23, 12, 16
15, 2022,  9,  8,  0, 32
16, 2022,  9, 23, 10,  4
17, 2022, 10,  8, 16, 22
18, 2022, 10, 23, 19, 36
19, 2022, 11,  7, 19, 45
20, 2022, 11, 22, 17, 20
21, 2022, 12,  7, 12, 46
22, 2022, 12, 22,  6, 48
23, 2023,  1,  6,  0,  5
24, 2023,  1, 20, 17, 30
 1, 2023,  2,  4, 11, 43
 2, 2023,  2, 19,  7, 34
 3, 2023,  3,  6,  5, 36
 4, 2023,  3, 21,  6, 24
 5, 2023,  4,  5, 10, 13
 6, 2023,  4, 20, 17, 14
 7, 2023,  5,  6,  3, 19
 8, 2023,  5, 21, 16,  9
 9, 2023,  6,  6,  7, 18
10, 2023,  6, 21, 23, 58
11, 2023,  7,  7, 17, 31
12, 2023,  7, 23, 10, 50
13, 2023,  8,  8,  3, 23
14, 2023,  8, 23, 18,  1
15, 2023,  9,  8,  6, 27
16, 2023,  9, 23, 15, 50
17, 2023, 10,  8, 22, 16
18, 2023, 10, 24,  1, 21
19, 2023, 11,  8,  1, 36
20, 2023, 11, 22, 23,  3
21, 2023, 12,  7, 18, 33
22, 2023, 12, 22, 12, 27
23, 2024,  1,  6,  5, 49
24, 2024,  1, 20, 23,  7
 1, 2024,  2,  4, 17, 27
 2, 2024,  2, 19, 13, 13
 3, 2024,  3,  5, 11, 23
 4, 2024,  3, 20, 12,  6
 5, 2024,  4,  4, 16,  2
 6, 2024,  4, 19, 23,  0
 7, 2024,  5,  5,  9, 10
 8, 2024,  5, 20, 22,  0
 9, 2024,  6,  5, 13, 10
10, 2024,  6, 21,  5, 51
11, 2024,  7,  6, 23, 20
12, 2024,  7, 22, 16, 44
13, 2024,  8,  7,  9,  9
14, 2024,  8, 22, 23, 55
15, 2024,  9,  7, 12, 11
16, 2024,  9, 22, 21, 44
17, 2024, 10,  8,  4,  0
18, 2024, 10, 23,  7, 15
19, 2024, 11,  7,  7, 20
20, 2024, 11, 22,  4, 57
21, 2024, 12,  7,  0, 17
22, 2024, 12, 21, 18, 21
23, 2025,  1,  5, 11, 33
24, 2025,  1, 20,  5,  0
 1, 2025,  2,  3, 23, 10
 2, 2025,  2, 18, 19,  7
 3, 2025,  3,  5, 17,  7
 4, 2025,  3, 20, 18,  1
 5, 2025,  4,  4, 21, 49
 6, 2025,  4, 20,  4, 56
 7, 2025,  5,  5, 14, 57
 8, 2025,  5, 21,  3, 55
 9, 2025,  6,  5, 18, 57
10, 2025,  6, 21, 11, 42
11, 2025,  7,  7,  5,  5
12, 2025,  7, 22, 22, 29
13, 2025,  8,  7, 14, 52
14, 2025,  8, 23,  5, 34
15, 2025,  9,  7, 17, 52
16, 2025,  9, 23,  3, 19
17, 2025, 10,  8,  9, 41
18, 2025, 10, 23, 12, 51
19, 2025, 11,  7, 13,  4
20, 2025, 11, 22, 10, 36
21, 2025, 12,  7,  6,  5
22, 2025, 12, 22,  0,  3
23, 2026,  1,  5, 17, 23
24, 2026,  1, 20, 10, 45
 1, 2026,  2,  4,  5,  2
 2, 2026,  2, 19,  0, 52
 3, 2026,  3,  5, 22, 59
 4, 2026,  3, 20, 23, 46
 5, 2026,  4,  5,  3, 40
 6, 2026,  4, 20, 10, 39
 7, 2026,  5,  5, 20, 49
 8, 2026,  5, 21,  9, 37
 9, 2026,  6,  6,  0, 48
10, 2026,  6, 21, 17, 25
11, 2026,  7,  7, 10, 57
12, 2026,  7, 23,  4, 13
13, 2026,  8,  7, 20, 43
14, 2026,  8, 23, 11, 19
15, 2026,  9,  7, 23, 41
16, 2026,  9, 23,  9,  5
17, 2026, 10,  8, 15, 29
18, 2026, 10, 23, 18, 38
19, 2026, 11,  7, 18, 52
20, 2026, 11, 22, 16, 23
21, 2026, 12,  7, 11, 53
22, 2026, 12, 22,  5, 50
23, 2027,  1,  5, 23, 10
24, 2027,  1, 20, 16, 30
 1, 2027,  2,  4, 10, 46
 2, 2027,  2, 19,  6, 33
 3, 2027,  3,  6,  4, 40
 4, 2027,  3, 21,  5, 25
 5, 2027,  4,  5,  9, 17
 6, 2027,  4, 20, 16, 18
 7, 2027,  5,  6,  2, 25
 8, 2027,  5, 21, 15, 18
 9, 2027,  6,  6,  6, 26
10, 2027,  6, 21, 23, 11
11, 2027,  7,  7, 16, 37
12, 2027,  7, 23, 10,  5
13, 2027,  8,  8,  2, 27
14, 2027,  8, 23, 17, 14
15, 2027,  9,  8,  5, 28
16, 2027,  9, 23, 15,  2
17, 2027, 10,  8, 21, 17
18, 2027, 10, 24,  0, 33
19, 2027, 11,  8,  0, 39
20, 2027, 11, 22, 22, 16
21, 2027, 12,  7, 17, 38
22, 2027, 12, 22, 11, 42
23, 2028,  1,  6,  4, 55
24, 2028,  1, 20, 22, 22
 1, 2028,  2,  4, 16, 31
 2, 2028,  2, 19, 12, 26
 3, 2028,  3,  5, 10, 25
 4, 2028,  3, 20, 11, 17
 5, 2028,  4,  4, 15,  3
 6, 2028,  4, 19, 22,  9
 7, 2028,  5,  5,  8, 12
 8, 2028,  5, 20, 21, 10
 9, 2028,  6,  5, 12, 16
10, 2028,  6, 21,  5,  2
11, 2028,  7,  6, 22, 30
12, 2028,  7, 22, 15, 54
13, 2028,  8,  7,  8, 21
14, 2028,  8, 22, 23,  1
15, 2028,  9,  7, 11, 22
16, 2028,  9, 22, 20, 45
17, 2028, 10,  8,  3,  9
18, 2028, 10, 23,  6, 13
19, 2028, 11,  7,  6, 27
20, 2028, 11, 22,  3, 54
21, 2028, 12,  6, 23, 25
22, 2028, 12, 21, 17, 20
23, 2029,  1,  5, 10, 42
24, 2029,  1, 20,  4,  1
 1, 2029,  2,  3, 22, 21
 2, 2029,  2, 18, 18,  8
 3, 2029,  3,  5, 16, 18
 4, 2029,  3, 20, 17,  2
 5, 2029,  4,  4, 20, 58
 6, 2029,  4, 20,  3, 56
 7, 2029,  5,  5, 14,  8
 8, 2029,  5, 21,  2, 56
 9, 2029,  6,  5, 18, 10
10, 2029,  6, 21, 10, 48
11, 2029,  7,  7,  4, 22
12, 2029,  7, 22, 21, 42
13, 2029,  8,  7, 14, 12
14, 2029,  8, 23,  4, 52
15, 2029,  9,  7, 17, 12
16, 2029,  9, 23,  2, 39
17, 2029, 10,  8,  8, 58
18, 2029, 10, 23, 12,  8
19, 2029, 11,  7, 12, 17
20, 2029, 11, 22,  9, 49
21, 2029, 12,  7,  5, 14
22, 2029, 12, 21, 23, 14
23, 2030,  1,  5, 16, 31
24, 2030,  1, 20,  9, 54
 1, 2030,  2,  4,  4,  8
 2, 2030,  2, 18, 24,  0
 3, 2030,  3,  5, 22,  3
 4, 2030,  3, 20, 22, 52
 5, 2030,  4,  5,  2, 41
 6, 2030,  4, 20,  9, 44
 7, 2030,  5,  5, 19, 46
 8, 2030,  5, 21,  8, 41
 9, 2030,  6,  5, 23, 45
10, 2030,  6, 21, 16, 31
11, 2030,  7,  7,  9, 55
12, 2030,  7, 23,  3, 25
13, 2030,  8,  7, 19, 47
14, 2030,  8, 23, 10, 36
15, 2030,  9,  7, 22, 53
16, 2030,  9, 23,  8, 27
17, 2030, 10,  8, 14, 45
18, 2030, 10, 23, 18,  1
19, 2030, 11,  7, 18,  9
20, 2030, 11, 22, 15, 45
21, 2030, 12,  7, 11,  8
22, 2030, 12, 22,  5, 10
23, 2031,  1,  5, 22, 23
24, 2031,  1, 20, 15, 48
 1, 2031,  2,  4,  9, 58
 2, 2031,  2, 19,  5, 51
 3, 2031,  3,  6,  3, 51
 4, 2031,  3, 21,  4, 41
 5, 2031,  4,  5,  8, 28
 6, 2031,  4, 20, 15, 31
 7, 2031,  5,  6,  1, 35
 8, 2031,  5, 21, 14, 28
 9, 2031,  6,  6,  5, 36
10, 2031,  6, 21, 22, 17
11, 2031,  7,  7, 15, 49
12, 2031,  7, 23,  9, 11
13, 2031,  8,  8,  1, 43
14, 2031,  8, 23, 16, 23
15, 2031,  9,  8,  4, 50
16, 2031,  9, 23, 14, 15
17, 2031, 10,  8, 20, 43
18, 2031, 10, 23, 23, 49
19, 2031, 11,  8,  0,  6
20, 2031, 11, 22, 21, 33
21, 2031, 12,  7, 17,  3
22, 2031, 12, 22, 10, 56
23, 2032,  1,  6,  4, 16
24, 2032,  1, 20, 21, 31
 1, 2032,  2,  4, 15, 49
 2, 2032,  2, 19, 11, 32
 3, 2032,  3,  5,  9, 40
 4, 2032,  3, 20, 10, 22
 5, 2032,  4,  4, 14, 18
 6, 2032,  4, 19, 21, 14
 7, 2032,  5,  5,  7, 26
 8, 2032,  5, 20, 20, 15
 9, 2032,  6,  5, 11, 28
10, 2032,  6, 21,  4,  9
11, 2032,  7,  6, 21, 41
12, 2032,  7, 22, 15,  5
13, 2032,  8,  7,  7, 33
14, 2032,  8, 22, 22, 18
15, 2032,  9,  7, 10, 38
16, 2032,  9, 22, 20, 11
17, 2032, 10,  8,  2, 30
18, 2032, 10, 23,  5, 46
19, 2032, 11,  7,  5, 54
20, 2032, 11, 22,  3, 31
21, 2032, 12,  6, 22, 53
22, 2032, 12, 21, 16, 56
23, 2033,  1,  5, 10,  8
24, 2033,  1, 20,  3, 33
 1, 2033,  2,  3, 21, 42
 2, 2033,  2, 18, 17, 34
 3, 2033,  3,  5, 15, 32
 4, 2033,  3, 20, 16, 23
 5, 2033,  4,  4, 20,  8
 6, 2033,  4, 20,  3, 13
 7, 2033,  5,  5, 13, 14
 8, 2033,  5, 21,  2, 11
 9, 2033,  6,  5, 17, 13
10, 2033,  6, 21, 10,  1
11, 2033,  7,  7,  3, 25
12, 2033,  7, 22, 20, 53
13, 2033,  8,  7, 13, 16
14, 2033,  8, 23,  4,  2
15, 2033,  9,  7, 16, 20
16, 2033,  9, 23,  1, 52
17, 2033, 10,  8,  8, 14
18, 2033, 10, 23, 11, 28
19, 2033, 11,  7, 11, 41
20, 2033, 11, 22,  9, 16
21, 2033, 12,  7,  4, 45
22, 2033, 12, 21, 22, 46
23, 2034,  1,  5, 16,  5
24, 2034,  1, 20,  9, 27
 1, 2034,  2,  4,  3, 41
 2, 2034,  2, 18, 23, 30
 3, 2034,  3,  5, 21, 32
 4, 2034,  3, 20, 22, 18
 5, 2034,  4,  5,  2,  6
 6, 2034,  4, 20,  9,  4
 7, 2034,  5,  5, 19,  9
 8, 2034,  5, 21,  7, 57
 9, 2034,  6,  5, 23,  7
10, 2034,  6, 21, 15, 44
11, 2034,  7,  7,  9, 18
12, 2034,  7, 23,  2, 36
13, 2034,  8,  7, 19,  9
14, 2034,  8, 23,  9, 48
15, 2034,  9,  7, 22, 14
16, 2034,  9, 23,  7, 40
17, 2034, 10,  8, 14,  7
18, 2034, 10, 23, 17, 16
19, 2034, 11,  7, 17, 34
20, 2034, 11, 22, 15,  5
21, 2034, 12,  7, 10, 37
22, 2034, 12, 22,  4, 34
23, 2035,  1,  5, 21, 56
24, 2035,  1, 20, 15, 14
 1, 2035,  2,  4,  9, 32
 2, 2035,  2, 19,  5, 16
 3, 2035,  3,  6,  3, 22
 4, 2035,  3, 21,  4,  3
 5, 2035,  4,  5,  7, 54
 6, 2035,  4, 20, 14, 49
 7, 2035,  5,  6,  0, 55
 8, 2035,  5, 21, 13, 43
 9, 2035,  6,  6,  4, 51
10, 2035,  6, 21, 21, 33
11, 2035,  7,  7, 15,  1
12, 2035,  7, 23,  8, 29
13, 2035,  8,  8,  0, 54
14, 2035,  8, 23, 15, 44
15, 2035,  9,  8,  4,  3
16, 2035,  9, 23, 13, 39
17, 2035, 10,  8, 19, 58
18, 2035, 10, 23, 23, 16
19, 2035, 11,  7, 23, 24
20, 2035, 11, 22, 21,  3
21, 2035, 12,  7, 16, 26
22, 2035, 12, 22, 10, 31
23, 2036,  1,  6,  3, 44
24, 2036,  1, 20, 21, 11
 1, 2036,  2,  4, 15, 20
 2, 2036,  2, 19, 11, 14
 3, 2036,  3,  5,  9, 12
 4, 2036,  3, 20, 10,  3
 5, 2036,  4,  4, 13, 46
 6, 2036,  4, 19, 20, 51
 7, 2036,  5,  5,  6, 49
 8, 2036,  5, 20, 19, 45
 9, 2036,  6,  5, 10, 47
10, 2036,  6, 21,  3, 32
11, 2036,  7,  6, 20, 58
12, 2036,  7, 22, 14, 23
13, 2036,  8,  7,  6, 49
14, 2036,  8, 22, 21, 32
15, 2036,  9,  7,  9, 55
16, 2036,  9, 22, 19, 23
17, 2036, 10,  8,  1, 49
18, 2036, 10, 23,  4, 59
19, 2036, 11,  7,  5, 15
20, 2036, 11, 22,  2, 45
21, 2036, 12,  6, 22, 16
22, 2036, 12, 21, 16, 13
23, 2037,  1,  5,  9, 34
24, 2037,  1, 20,  2, 54
 1, 2037,  2,  3, 21, 12
 2, 2037,  2, 18, 16, 59
 3, 2037,  3,  5, 15,  6
 4, 2037,  3, 20, 15, 50
 5, 2037,  4,  4, 19, 44
 6, 2037,  4, 20,  2, 40
 7, 2037,  5,  5, 12, 50
 8, 2037,  5, 21,  1, 36
 9, 2037,  6,  5, 16, 47
10, 2037,  6, 21,  9, 22
11, 2037,  7,  7,  2, 55
12, 2037,  7, 22, 20, 13
13, 2037,  8,  7, 12, 43
14, 2037,  8, 23,  3, 22
15, 2037,  9,  7, 15, 46
16, 2037,  9, 23,  1, 13
17, 2037, 10,  8,  7, 38
18, 2037, 10, 23, 10, 50
19, 2037, 11,  7, 11,  4
20, 2037, 11, 22,  8, 38
21, 2037, 12,  7,  4,  7
22, 2037, 12, 21, 22,  8
23, 2038,  1,  5, 15, 27
24, 2038,  1, 20,  8, 49
 1, 2038,  2,  4,  3,  4
 2, 2038,  2, 18, 22, 52
 3, 2038,  3,  5, 20, 56
 4, 2038,  3, 20, 21, 41
 5, 2038,  4,  5,  1, 30
 6, 2038,  4, 20,  8, 29
 7, 2038,  5,  5, 18, 31
 8, 2038,  5, 21,  7, 23
 9, 2038,  6,  5, 22, 26
10, 2038,  6, 21, 15,  9
11, 2038,  7,  7,  8, 33
12, 2038,  7, 23,  2,  0
13, 2038,  8,  7, 18, 21
14, 2038,  8, 23,  9, 10
15, 2038,  9,  7, 21, 26
16, 2038,  9, 23,  7,  2
17, 2038, 10,  8, 13, 22
18, 2038, 10, 23, 16, 41
19, 2038, 11,  7, 16, 51
20, 2038, 11, 22, 14, 31
21, 2038, 12,  7,  9, 56
22, 2038, 12, 22,  4,  2
23, 2039,  1,  5, 21, 17
24, 2039,  1, 20, 14, 44
 1, 2039,  2,  4,  8, 53
 2, 2039,  2, 19,  4, 46
 3, 2039,  3,  6,  2, 43
 4, 2039,  3, 21,  3, 32
 5, 2039,  4,  5,  7, 16
 6, 2039,  4, 20, 14, 18
 7, 2039,  5,  6,  0, 18
 8, 2039,  5, 21, 13, 11
 9, 2039,  6,  6,  4, 16
10, 2039,  6, 21, 20, 57
11, 2039,  7,  7, 14, 26
12, 2039,  7, 23,  7, 48
13, 2039,  8,  8,  0, 18
14, 2039,  8, 23, 14, 59
15, 2039,  9,  8,  3, 24
16, 2039,  9, 23, 12, 50
17, 2039, 10,  8, 19, 17
18, 2039, 10, 23, 22, 25
19, 2039, 11,  7, 22, 43
20, 2039, 11, 22, 20, 12
21, 2039, 12,  7, 15, 45
22, 2039, 12, 22,  9, 41
23, 2040,  1,  6,  3,  4
24, 2040,  1, 20, 20, 21
 1, 2040,  2,  4, 14, 40
 2, 2040,  2, 19, 10, 24
 3, 2040,  3,  5,  8, 31
 4, 2040,  3, 20,  9, 12
 5, 2040,  4,  4, 13,  6
 6, 2040,  4, 19, 20,  0
 7, 2040,  5,  5,  6,  9
 8, 2040,  5, 20, 18, 56
 9, 2040,  6,  5, 10,  8
10, 2040,  6, 21,  2, 46
11, 2040,  7,  6, 20, 19
12, 2040,  7, 22, 13, 41
13, 2040,  8,  7,  6, 10
14, 2040,  8, 22, 20, 53
15, 2040,  9,  7,  9, 14
16, 2040,  9, 22, 18, 45
17, 2040, 10,  8,  1,  6
18, 2040, 10, 23,  4, 20
19, 2040, 11,  7,  4, 29
20, 2040, 11, 22,  2,  6
21, 2040, 12,  6, 21, 30
22, 2040, 12, 21, 15, 33
23, 2041,  1,  5,  8, 48
24, 2041,  1, 20,  2, 13
 1, 2041,  2,  3, 20, 25
 2, 2041,  2, 18, 16, 17
 3, 2041,  3,  5, 14, 18
 4, 2041,  3, 20, 15,  7
 5, 2041,  4,  4, 18, 53
 6, 2041,  4, 20,  1, 55
 7, 2041,  5,  5, 11, 55
 8, 2041,  5, 21,  0, 49
 9, 2041,  6,  5, 15, 50
10, 2041,  6, 21,  8, 36
11, 2041,  7,  7,  1, 59
12, 2041,  7, 22, 19, 27
13, 2041,  8,  7, 11, 49
14, 2041,  8, 23,  2, 36
15, 2041,  9,  7, 14, 54
16, 2041,  9, 23,  0, 27
17, 2041, 10,  8,  6, 47
18, 2041, 10, 23, 10,  2
19, 2041, 11,  7, 10, 13
20, 2041, 11, 22,  7, 49
21, 2041, 12,  7,  3, 16
22, 2041, 12, 21, 21, 18
23, 2042,  1,  5, 14, 35
24, 2042,  1, 20,  8,  0
 1, 2042,  2,  4,  2, 13
 2, 2042,  2, 18, 22,  5
 3, 2042,  3,  5, 20,  6
 4, 2042,  3, 20, 20, 53
 5, 2042,  4,  5,  0, 41
 6, 2042,  4, 20,  7, 40
 7, 2042,  5,  5, 17, 43
 8, 2042,  5, 21,  6, 31
 9, 2042,  6,  5, 21, 38
10, 2042,  6, 21, 14, 16
11, 2042,  7,  7,  7, 47
12, 2042,  7, 23,  1,  6
13, 2042,  8,  7, 17, 39
14, 2042,  8, 23,  8, 18
15, 2042,  9,  7, 20, 46
16, 2042,  9, 23,  6, 12
17, 2042, 10,  8, 12, 41
18, 2042, 10, 23, 15, 50
19, 2042, 11,  7, 16,  8
20, 2042, 11, 22, 13, 37
21, 2042, 12,  7,  9,  9
22, 2042, 12, 22,  3,  4
23, 2043,  1,  5, 20, 25
24, 2043,  1, 20, 13, 42
 1, 2043,  2,  4,  7, 59
 2, 2043,  2, 19,  3, 42
 3, 2043,  3,  6,  1, 48
 4, 2043,  3, 21,  2, 28
 5, 2043,  4,  5,  6, 20
 6, 2043,  4, 20, 13, 15
 7, 2043,  5,  5, 23, 22
 8, 2043,  5, 21, 12,  9
 9, 2043,  6,  6,  3, 18
10, 2043,  6, 21, 19, 58
11, 2043,  7,  7, 13, 28
12, 2043,  7, 23,  6, 54
13, 2043,  8,  7, 23, 21
14, 2043,  8, 23, 14, 10
15, 2043,  9,  8,  2, 30
16, 2043,  9, 23, 12,  7
17, 2043, 10,  8, 18, 28
18, 2043, 10, 23, 21, 47
19, 2043, 11,  7, 21, 56
20, 2043, 11, 22, 19, 35
21, 2043, 12,  7, 14, 57
22, 2043, 12, 22,  9,  1
23, 2044,  1,  6,  2, 13
24, 2044,  1, 20, 19, 38
 1, 2044,  2,  4, 13, 44
 2, 2044,  2, 19,  9, 36
 3, 2044,  3,  5,  7, 32
 4, 2044,  3, 20,  8, 21
 5, 2044,  4,  4, 12,  3
 6, 2044,  4, 19, 19,  7
 7, 2044,  5,  5,  5,  6
 8, 2044,  5, 20, 18,  2
 9, 2044,  6,  5,  9,  4
10, 2044,  6, 21,  1, 51
11, 2044,  7,  6, 19, 16
12, 2044,  7, 22, 12, 43
13, 2044,  8,  7,  5,  9
14, 2044,  8, 22, 19, 55
15, 2044,  9,  7,  8, 17
16, 2044,  9, 22, 17, 48
17, 2044, 10,  8,  0, 13
18, 2044, 10, 23,  3, 26
19, 2044, 11,  7,  3, 42
20, 2044, 11, 22,  1, 15
21, 2044, 12,  6, 20, 45
22, 2044, 12, 21, 14, 44
23, 2045,  1,  5,  8,  3
24, 2045,  1, 20,  1, 22
 1, 2045,  2,  3, 19, 36
 2, 2045,  2, 18, 15, 22
 3, 2045,  3,  5, 13, 25
 4, 2045,  3, 20, 14,  8
 5, 2045,  4,  4, 17, 57
 6, 2045,  4, 20,  0, 53
 7, 2045,  5,  5, 11,  0
 8, 2045,  5, 20, 23, 46
 9, 2045,  6,  5, 14, 57
10, 2045,  6, 21,  7, 34
11, 2045,  7,  7,  1,  8
12, 2045,  7, 22, 18, 27
13, 2045,  8,  7, 11,  0
14, 2045,  8, 23,  1, 39
15, 2045,  9,  7, 14,  6
16, 2045,  9, 22, 23, 33
17, 2045, 10,  8,  6,  1
18, 2045, 10, 23,  9, 13
19, 2045, 11,  7,  9, 30
20, 2045, 11, 22,  7,  4
21, 2045, 12,  7,  2, 36
22, 2045, 12, 21, 20, 35
23, 2046,  1,  5, 13, 56
24, 2046,  1, 20,  7, 16
 1, 2046,  2,  4,  1, 31
 2, 2046,  2, 18, 21, 16
 3, 2046,  3,  5, 19, 18
 4, 2046,  3, 20, 19, 58
 5, 2046,  4,  4, 23, 45
 6, 2046,  4, 20,  6, 39
 7, 2046,  5,  5, 16, 41
 8, 2046,  5, 21,  5, 29
 9, 2046,  6,  5, 20, 32
10, 2046,  6, 21, 13, 15
11, 2046,  7,  7,  6, 40
12, 2046,  7, 23,  0,  9
13, 2046,  8,  7, 16, 33
14, 2046,  8, 23,  7, 25
15, 2046,  9,  7, 19, 43
16, 2046,  9, 23,  5, 22
17, 2046, 10,  8, 11, 43
18, 2046, 10, 23, 15,  4
19, 2046, 11,  7, 15, 14
20, 2046, 11, 22, 12, 56
21, 2046, 12,  7,  8, 21
22, 2046, 12, 22,  2, 29
23, 2047,  1,  5, 19, 43
24, 2047,  1, 20, 13, 10
 1, 2047,  2,  4,  7, 18
 2, 2047,  2, 19,  3, 11
 3, 2047,  3,  6,  1,  5
 4, 2047,  3, 21,  1, 53
 5, 2047,  4,  5,  5, 33
 6, 2047,  4, 20, 12, 33
 7, 2047,  5,  5, 22, 29
 8, 2047,  5, 21, 11, 20
 9, 2047,  6,  6,  2, 21
10, 2047,  6, 21, 19,  4
11, 2047,  7,  7, 12, 31
12, 2047,  7, 23,  5, 56
13, 2047,  8,  7, 22, 26
14, 2047,  8, 23, 13, 11
15, 2047,  9,  8,  1, 38
16, 2047,  9, 23, 11,  8
17, 2047, 10,  8, 17, 38
18, 2047, 10, 23, 20, 49
19, 2047, 11,  7, 21,  8
20, 2047, 11, 22, 18, 38
21, 2047, 12,  7, 14, 11
22, 2047, 12, 22,  8,  7
23, 2048,  1,  6,  1, 30
24, 2048,  1, 20, 18, 47
 1, 2048,  2,  4, 13,  5
 2, 2048,  2, 19,  8, 49
 3, 2048,  3,  5,  6, 54
 4, 2048,  3, 20,  7, 34
 5, 2048,  4,  4, 11, 25
 6, 2048,  4, 19, 18, 18
 7, 2048,  5,  5,  4, 25
 8, 2048,  5, 20, 17,  8
 9, 2048,  6,  5,  8, 18
10, 2048,  6, 21,  0, 54
11, 2048,  7,  6, 18, 27
12, 2048,  7, 22, 11, 47
13, 2048,  8,  7,  4, 19
14, 2048,  8, 22, 19,  3
15, 2048,  9,  7,  7, 28
16, 2048,  9, 22, 17,  1
17, 2048, 10,  7, 23, 27
18, 2048, 10, 23,  2, 43
19, 2048, 11,  7,  2, 57
20, 2048, 11, 22,  0, 34
21, 2048, 12,  6, 20,  1
22, 2048, 12, 21, 14,  2
23, 2049,  1,  5,  7, 19
24, 2049,  1, 20,  0, 41
 1, 2049,  2,  3, 18, 54
 2, 2049,  2, 18, 14, 42
 3, 2049,  3,  5, 12, 43
 4, 2049,  3, 20, 13, 29
 5, 2049,  4,  4, 17, 15
 6, 2049,  4, 20,  0, 14
 7, 2049,  5,  5, 10, 13
 8, 2049,  5, 20, 23,  4
 9, 2049,  6,  5, 14,  4
10, 2049,  6, 21,  6, 48
11, 2049,  7,  7,  0,  9
12, 2049,  7, 22, 17, 37
13, 2049,  8,  7,  9, 58
14, 2049,  8, 23,  0, 48
15, 2049,  9,  7, 13,  6
16, 2049,  9, 22, 22, 43
17, 2049, 10,  8,  5,  5
18, 2049, 10, 23,  8, 25
19, 2049, 11,  7,  8, 39
20, 2049, 11, 22,  6, 20
21, 2049, 12,  7,  1, 47
22, 2049, 12, 21, 19, 52
23, 2050,  1,  5, 13,  8
24, 2050,  1, 20,  6, 34
 1, 2050,  2,  4,  0, 44
 2, 2050,  2, 18, 20, 35
 3, 2050,  3,  5, 18, 33
 4, 2050,  3, 20, 19, 20
 5, 2050,  4,  4, 23,  3
 6, 2050,  4, 20,  6,  2
 7, 2050,  5,  5, 16,  2
 8, 2050,  5, 21,  4, 51
 9, 2050,  6,  5, 19, 55
10, 2050,  6, 21, 12, 33
11, 2050,  7,  7,  6,  2
12, 2050,  7, 22, 23, 22
13, 2050,  8,  7, 15, 53
14, 2050,  8, 23,  6, 33
15, 2050,  9,  7, 19,  1
16, 2050,  9, 23,  4, 29
17, 2050, 10,  8, 11,  0
18, 2050, 10, 23, 14, 12
19, 2050, 11,  7, 14, 34
20, 2050, 11, 22, 12,  7
21, 2050, 12,  7,  7, 42
22, 2050, 12, 22,  1, 39
23, 2051,  1,  5, 19,  2
24, 2051,  1, 20, 12, 19
 1, 2051,  2,  4,  6, 36
 2, 2051,  2, 19,  2, 18
 3, 2051,  3,  6,  0, 22
 4, 2051,  3, 21,  0, 59
 5, 2051,  4,  5,  4, 50
 6, 2051,  4, 20, 11, 41
 7, 2051,  5,  5, 21, 47
 8, 2051,  5, 21, 10, 32
 9, 2051,  6,  6,  1, 41
10, 2051,  6, 21, 18, 19
11, 2051,  7,  7, 11, 50
12, 2051,  7, 23,  5, 13
13, 2051,  8,  7, 21, 42
14, 2051,  8, 23, 12, 29
15, 2051,  9,  8,  0, 52
16, 2051,  9, 23, 10, 28
17, 2051, 10,  8, 16, 51
18, 2051, 10, 23, 20, 10
19, 2051, 11,  7, 20, 22
20, 2051, 11, 22, 18,  3
21, 2051, 12,  7, 13, 29
22, 2051, 12, 22,  7, 34
23, 2052,  1,  6,  0, 49
24, 2052,  1, 20, 18, 14
 1, 2052,  2,  4, 12, 23
 2, 2052,  2, 19,  8, 14
 3, 2052,  3,  5,  6, 10
 4, 2052,  3, 20,  6, 56
 5, 2052,  4,  4, 10, 38
 6, 2052,  4, 19, 17, 38
 7, 2052,  5,  5,  3, 35
 8, 2052,  5, 20, 16, 29
 9, 2052,  6,  5,  7, 30
10, 2052,  6, 21,  0, 17
11, 2052,  7,  6, 17, 40
12, 2052,  7, 22, 11,  9
13, 2052,  8,  7,  3, 34
14, 2052,  8, 22, 18, 22
15, 2052,  9,  7,  6, 42
16, 2052,  9, 22, 16, 16
17, 2052, 10,  7, 22, 40
18, 2052, 10, 23,  1, 55
19, 2052, 11,  7,  2, 10
20, 2052, 11, 21, 23, 46
21, 2052, 12,  6, 19, 16
22, 2052, 12, 21, 13, 18
23, 2053,  1,  5,  6, 36
24, 2053,  1, 19, 24,  0
 1, 2053,  2,  3, 18, 13
 2, 2053,  2, 18, 14,  2
 3, 2053,  3,  5, 12,  4
 4, 2053,  3, 20, 12, 48
 5, 2053,  4,  4, 16, 35
 6, 2053,  4, 19, 23, 31
 7, 2053,  5,  5,  9, 34
 8, 2053,  5, 20, 22, 20
 9, 2053,  6,  5, 13, 28
10, 2053,  6, 21,  6,  4
11, 2053,  7,  6, 23, 37
12, 2053,  7, 22, 16, 57
13, 2053,  8,  7,  9, 30
14, 2053,  8, 23,  0, 11
15, 2053,  9,  7, 12, 39
16, 2053,  9, 22, 22,  7
17, 2053, 10,  8,  4, 36
18, 2053, 10, 23,  7, 48
19, 2053, 11,  7,  8,  6
20, 2053, 11, 22,  5, 39
21, 2053, 12,  7,  1, 12
22, 2053, 12, 21, 19, 10
23, 2054,  1,  5, 12, 33
24, 2054,  1, 20,  5, 51
 1, 2054,  2,  4,  0,  8
 2, 2054,  2, 18, 19, 52
 3, 2054,  3,  5, 17, 56
 4, 2054,  3, 20, 18, 35
 5, 2054,  4,  4, 22, 23
 6, 2054,  4, 20,  5, 15
 7, 2054,  5,  5, 15, 18
 8, 2054,  5, 21,  4,  3
 9, 2054,  6,  5, 19,  8
10, 2054,  6, 21, 11, 48
11, 2054,  7,  7,  5, 14
12, 2054,  7, 22, 22, 41
13, 2054,  8,  7, 15,  7
14, 2054,  8, 23,  5, 59
15, 2054,  9,  7, 18, 20
16, 2054,  9, 23,  4,  0
17, 2054, 10,  8, 10, 23
18, 2054, 10, 23, 13, 45
19, 2054, 11,  7, 13, 57
20, 2054, 11, 22, 11, 39
21, 2054, 12,  7,  7,  4
22, 2054, 12, 22,  1, 10
23, 2055,  1,  5, 18, 23
24, 2055,  1, 20, 11, 49
 1, 2055,  2,  4,  5, 56
 2, 2055,  2, 19,  1, 48
 3, 2055,  3,  5, 23, 42
 4, 2055,  3, 21,  0, 29
 5, 2055,  4,  5,  4,  9
 6, 2055,  4, 20, 11,  9
 7, 2055,  5,  5, 21,  4
 8, 2055,  5, 21,  9, 57
 9, 2055,  6,  6,  0, 56
10, 2055,  6, 21, 17, 40
11, 2055,  7,  7, 11,  6
12, 2055,  7, 23,  4, 32
13, 2055,  8,  7, 21,  1
14, 2055,  8, 23, 11, 49
15, 2055,  9,  8,  0, 16
16, 2055,  9, 23,  9, 49
17, 2055, 10,  8, 16, 19
18, 2055, 10, 23, 19, 34
19, 2055, 11,  7, 19, 53
20, 2055, 11, 22, 17, 27
21, 2055, 12,  7, 12, 59
22, 2055, 12, 22,  6, 56
23, 2056,  1,  6,  0, 16
24, 2056,  1, 20, 17, 33
 1, 2056,  2,  4, 11, 48
 2, 2056,  2, 19,  7, 30
 3, 2056,  3,  5,  5, 33
 4, 2056,  3, 20,  6, 12
 5, 2056,  4,  4, 10,  0
 6, 2056,  4, 19, 16, 53
 7, 2056,  5,  5,  2, 58
 8, 2056,  5, 20, 15, 42
 9, 2056,  6,  5,  6, 53
10, 2056,  6, 20, 23, 29
11, 2056,  7,  6, 17,  3
12, 2056,  7, 22, 10, 23
13, 2056,  8,  7,  2, 56
14, 2056,  8, 22, 17, 39
15, 2056,  9,  7,  6,  8
16, 2056,  9, 22, 15, 40
17, 2056, 10,  7, 22, 10
18, 2056, 10, 23,  1, 26
19, 2056, 11,  7,  1, 44
20, 2056, 11, 21, 23, 21
21, 2056, 12,  6, 18, 51
22, 2056, 12, 21, 12, 52
23, 2057,  1,  5,  6, 10
24, 2057,  1, 19, 23, 31
 1, 2057,  2,  3, 17, 43
 2, 2057,  2, 18, 13, 28
 3, 2057,  3,  5, 11, 27
 4, 2057,  3, 20, 12,  8
 5, 2057,  4,  4, 15, 53
 6, 2057,  4, 19, 22, 48
 7, 2057,  5,  5,  8, 47
 8, 2057,  5, 20, 21, 36
 9, 2057,  6,  5, 12, 37
10, 2057,  6, 21,  5, 20
11, 2057,  7,  6, 22, 43
12, 2057,  7, 22, 16, 11
13, 2057,  8,  7,  8, 34
14, 2057,  8, 22, 23, 25
15, 2057,  9,  7, 11, 45
16, 2057,  9, 22, 21, 24
17, 2057, 10,  8,  3, 47
18, 2057, 10, 23,  7,  9
19, 2057, 11,  7,  7, 23
20, 2057, 11, 22,  5,  7
21, 2057, 12,  7,  0, 35
22, 2057, 12, 21, 18, 43
23, 2058,  1,  5, 11, 59
24, 2058,  1, 20,  5, 27
 1, 2058,  2,  3, 23, 35
 2, 2058,  2, 18, 19, 26
 3, 2058,  3,  5, 17, 20
 4, 2058,  3, 20, 18,  6
 5, 2058,  4,  4, 21, 44
 6, 2058,  4, 20,  4, 41
 7, 2058,  5,  5, 14, 36
 8, 2058,  5, 21,  3, 25
 9, 2058,  6,  5, 18, 25
10, 2058,  6, 21, 11,  5
11, 2058,  7,  7,  4, 32
12, 2058,  7, 22, 21, 54
13, 2058,  8,  7, 14, 26
14, 2058,  8, 23,  5,  9
15, 2058,  9,  7, 17, 38
16, 2058,  9, 23,  3,  9
17, 2058, 10,  8,  9, 42
18, 2058, 10, 23, 12, 55
19, 2058, 11,  7, 13, 18
20, 2058, 11, 22, 10, 51
21, 2058, 12,  7,  6, 28
22, 2058, 12, 22,  0, 25
23, 2059,  1,  5, 17, 50
24, 2059,  1, 20, 11,  7
 1, 2059,  2,  4,  5, 24
 2, 2059,  2, 19,  1,  6
 3, 2059,  3,  5, 23,  9
 4, 2059,  3, 20, 23, 45
 5, 2059,  4,  5,  3, 33
 6, 2059,  4, 20, 10, 21
 7, 2059,  5,  5, 20, 24
 8, 2059,  5, 21,  9,  5
 9, 2059,  6,  6,  0, 13
10, 2059,  6, 21, 16, 48
11, 2059,  7,  7, 10, 19
12, 2059,  7, 23,  3, 41
13, 2059,  8,  7, 20, 13
14, 2059,  8, 23, 11,  1
15, 2059,  9,  7, 23, 27
16, 2059,  9, 23,  9,  4
17, 2059, 10,  8, 15, 31
18, 2059, 10, 23, 18, 51
19, 2059, 11,  7, 19,  6
20, 2059, 11, 22, 16, 46
21, 2059, 12,  7, 12, 14
22, 2059, 12, 22,  6, 18
23, 2060,  1,  5, 23, 34
24, 2060,  1, 20, 16, 59
 1, 2060,  2,  4, 11,  9
 2, 2060,  2, 19,  6, 58
 3, 2060,  3,  5,  4, 55
 4, 2060,  3, 20,  5, 39
 5, 2060,  4,  4,  9, 20
 6, 2060,  4, 19, 16, 18
 7, 2060,  5,  5,  2, 13
 8, 2060,  5, 20, 15,  4
 9, 2060,  6,  5,  6,  2
10, 2060,  6, 20, 22, 46
11, 2060,  7,  6, 16,  8
12, 2060,  7, 22,  9, 36
13, 2060,  8,  7,  2,  0
14, 2060,  8, 22, 16, 50
15, 2060,  9,  7,  5, 11
16, 2060,  9, 22, 14, 49
17, 2060, 10,  7, 21, 14
18, 2060, 10, 23,  0, 34
19, 2060, 11,  7,  0, 49
20, 2060, 11, 21, 22, 29
21, 2060, 12,  6, 17, 58
22, 2060, 12, 21, 12,  2
23, 2061,  1,  5,  5, 19
24, 2061,  1, 19, 22, 43
 1, 2061,  2,  3, 16, 54
 2, 2061,  2, 18, 12, 44
 3, 2061,  3,  5, 10, 42
 4, 2061,  3, 20, 11, 27
 5, 2061,  4,  4, 15, 11
 6, 2061,  4, 19, 22,  7
 7, 2061,  5,  5,  8,  7
 8, 2061,  5, 20, 20, 53
 9, 2061,  6,  5, 11, 57
10, 2061,  6, 21,  4, 33
11, 2061,  7,  6, 22,  3
12, 2061,  7, 22, 15, 21
13, 2061,  8,  7,  7, 53
14, 2061,  8, 22, 22, 34
15, 2061,  9,  7, 11,  3
16, 2061,  9, 22, 20, 32
17, 2061, 10,  8,  3,  5
18, 2061, 10, 23,  6, 18
19, 2061, 11,  7,  6, 40
20, 2061, 11, 22,  4, 15
21, 2061, 12,  6, 23, 51
22, 2061, 12, 21, 17, 49
23, 2062,  1,  5, 11, 13
24, 2062,  1, 20,  4, 31
 1, 2062,  2,  3, 22, 48
 2, 2062,  2, 18, 18, 29
 3, 2062,  3,  5, 16, 32
 4, 2062,  3, 20, 17,  8
 5, 2062,  4,  4, 20, 56
 6, 2062,  4, 20,  3, 45
 7, 2062,  5,  5, 13, 48
 8, 2062,  5, 21,  2, 30
 9, 2062,  6,  5, 17, 35
10, 2062,  6, 21, 10, 12
11, 2062,  7,  7,  3, 39
12, 2062,  7, 22, 21,  3
13, 2062,  8,  7, 13, 30
14, 2062,  8, 23,  4, 19
15, 2062,  9,  7, 16, 41
16, 2062,  9, 23,  2, 21
17, 2062, 10,  8,  8, 45
18, 2062, 10, 23, 12,  9
19, 2062, 11,  7, 12, 23
20, 2062, 11, 22, 10,  8
21, 2062, 12,  7,  5, 35
22, 2062, 12, 21, 23, 43
23, 2063,  1,  5, 16, 58
24, 2063,  1, 20, 10, 25
 1, 2063,  2,  4,  4, 32
 2, 2063,  2, 19,  0, 22
 3, 2063,  3,  5, 22, 15
 4, 2063,  3, 20, 23,  0
 5, 2063,  4,  5,  2, 38
 6, 2063,  4, 20,  9, 36
 7, 2063,  5,  5, 19, 29
 8, 2063,  5, 21,  8, 20
 9, 2063,  6,  5, 23, 18
10, 2063,  6, 21, 16,  3
11, 2063,  7,  7,  9, 26
12, 2063,  7, 23,  2, 54
13, 2063,  8,  7, 19, 21
14, 2063,  8, 23, 10,  9
15, 2063,  9,  7, 22, 34
16, 2063,  9, 23,  8,  9
17, 2063, 10,  8, 14, 38
18, 2063, 10, 23, 17, 54
19, 2063, 11,  7, 18, 13
20, 2063, 11, 22, 15, 49
21, 2063, 12,  7, 11, 21
22, 2063, 12, 22,  5, 22
23, 2064,  1,  5, 22, 42
24, 2064,  1, 20, 16,  2
 1, 2064,  2,  4, 10, 15
 2, 2064,  2, 19,  6,  0
 3, 2064,  3,  5,  4,  0
 4, 2064,  3, 20,  4, 39
 5, 2064,  4,  4,  8, 25
 6, 2064,  4, 19, 15, 17
 7, 2064,  5,  5,  1, 19
 8, 2064,  5, 20, 14,  2
 9, 2064,  6,  5,  5, 11
10, 2064,  6, 20, 21, 46
11, 2064,  7,  6, 15, 20
12, 2064,  7, 22,  8, 40
13, 2064,  8,  7,  1, 15
14, 2064,  8, 22, 15, 57
15, 2064,  9,  7,  4, 27
16, 2064,  9, 22, 13, 58
17, 2064, 10,  7, 20, 29
18, 2064, 10, 22, 23, 43
19, 2064, 11,  7,  0,  2
20, 2064, 11, 21, 21, 37
21, 2064, 12,  6, 17, 10
22, 2064, 12, 21, 11,  9
23, 2065,  1,  5,  4, 30
24, 2065,  1, 19, 21, 50
 1, 2065,  2,  3, 16,  4
 2, 2065,  2, 18, 11, 48
 3, 2065,  3,  5,  9, 50
 4, 2065,  3, 20, 10, 29
 5, 2065,  4,  4, 14, 15
 6, 2065,  4, 19, 21,  7
 7, 2065,  5,  5,  7,  6
 8, 2065,  5, 20, 19, 51
 9, 2065,  6,  5, 10, 53
10, 2065,  6, 21,  3, 33
11, 2065,  7,  6, 20, 58
12, 2065,  7, 22, 14, 25
13, 2065,  8,  7,  6, 50
14, 2065,  8, 22, 21, 42
15, 2065,  9,  7, 10,  3
16, 2065,  9, 22, 19, 43
17, 2065, 10,  8,  2,  7
18, 2065, 10, 23,  5, 30
19, 2065, 11,  7,  5, 43
20, 2065, 11, 22,  3, 27
21, 2065, 12,  6, 22, 54
22, 2065, 12, 21, 17,  2
23, 2066,  1,  5, 10, 16
24, 2066,  1, 20,  3, 43
 1, 2066,  2,  3, 21, 50
 2, 2066,  2, 18, 17, 41
 3, 2066,  3,  5, 15, 35
 4, 2066,  3, 20, 16, 21
 5, 2066,  4,  4, 19, 58
 6, 2066,  4, 20,  2, 56
 7, 2066,  5,  5, 12, 49
 8, 2066,  5, 21,  1, 38
 9, 2066,  6,  5, 16, 37
10, 2066,  6, 21,  9, 17
11, 2066,  7,  7,  2, 43
12, 2066,  7, 22, 20,  7
13, 2066,  8,  7, 12, 38
14, 2066,  8, 23,  3, 24
15, 2066,  9,  7, 15, 54
16, 2066,  9, 23,  1, 28
17, 2066, 10,  8,  8,  2
18, 2066, 10, 23, 11, 17
19, 2066, 11,  7, 11, 40
20, 2066, 11, 22,  9, 14
21, 2066, 12,  7,  4, 49
22, 2066, 12, 21, 22, 46
23, 2067,  1,  5, 16,  8
24, 2067,  1, 20,  9, 24
 1, 2067,  2,  4,  3, 38
 2, 2067,  2, 18, 23, 18
 3, 2067,  3,  5, 21, 19
 4, 2067,  3, 20, 21, 54
 5, 2067,  4,  5,  1, 41
 6, 2067,  4, 20,  8, 29
 7, 2067,  5,  5, 18, 33
 8, 2067,  5, 21,  7, 14
 9, 2067,  6,  5, 22, 22
10, 2067,  6, 21, 14, 57
11, 2067,  7,  7,  8, 30
12, 2067,  7, 23,  1, 51
13, 2067,  8,  7, 18, 26
14, 2067,  8, 23,  9, 13
15, 2067,  9,  7, 21, 43
16, 2067,  9, 23,  7, 20
17, 2067, 10,  8, 13, 52
18, 2067, 10, 23, 17, 13
19, 2067, 11,  7, 17, 31
20, 2067, 11, 22, 15, 11
21, 2067, 12,  7, 10, 41
22, 2067, 12, 22,  4, 44
23, 2068,  1,  5, 22,  0
24, 2068,  1, 20, 15, 21
 1, 2068,  2,  4,  9, 30
 2, 2068,  2, 19,  5, 14
 3, 2068,  3,  5,  3, 10
 4, 2068,  3, 20,  3, 50
 5, 2068,  4,  4,  7, 31
 6, 2068,  4, 19, 14, 25
 7, 2068,  5,  5,  0, 21
 8, 2068,  5, 20, 13, 11
 9, 2068,  6,  5,  4, 10
10, 2068,  6, 20, 20, 55
11, 2068,  7,  6, 14, 18
12, 2068,  7, 22,  7, 47
13, 2068,  8,  7,  0, 12
14, 2068,  8, 22, 15,  5
15, 2068,  9,  7,  3, 27
16, 2068,  9, 22, 13,  8
17, 2068, 10,  7, 19, 34
18, 2068, 10, 22, 22, 58
19, 2068, 11,  6, 23, 14
20, 2068, 11, 21, 20, 58
21, 2068, 12,  6, 16, 27
22, 2068, 12, 21, 10, 34
23, 2069,  1,  5,  3, 49
24, 2069,  1, 19, 21, 14
 1, 2069,  2,  3, 15, 22
 2, 2069,  2, 18, 11, 10
 3, 2069,  3,  5,  9,  3
 4, 2069,  3, 20,  9, 46
 5, 2069,  4,  4, 13, 25
 6, 2069,  4, 19, 20, 20
 7, 2069,  5,  5,  6, 16
 8, 2069,  5, 20, 19,  2
 9, 2069,  6,  5, 10,  4
10, 2069,  6, 21,  2, 42
11, 2069,  7,  6, 20, 12
12, 2069,  7, 22, 13, 33
13, 2069,  8,  7,  6,  7
14, 2069,  8, 22, 20, 50
15, 2069,  9,  7,  9, 21
16, 2069,  9, 22, 18, 53
17, 2069, 10,  8,  1, 28
18, 2069, 10, 23,  4, 43
19, 2069, 11,  7,  5,  8
20, 2069, 11, 22,  2, 44
21, 2069, 12,  6, 22, 23
22, 2069, 12, 21, 16, 23
23, 2070,  1,  5,  9, 48
24, 2070,  1, 20,  3,  6
 1, 2070,  2,  3, 21, 23
 2, 2070,  2, 18, 17,  2
 3, 2070,  3,  5, 15,  3
 4, 2070,  3, 20, 15, 36
 5, 2070,  4,  4, 19, 21
 6, 2070,  4, 20,  2,  5
 7, 2070,  5,  5, 12,  6
 8, 2070,  5, 21,  0, 44
 9, 2070,  6,  5, 15, 49
10, 2070,  6, 21,  8, 23
11, 2070,  7,  7,  1, 53
12, 2070,  7, 22, 19, 17
13, 2070,  8,  7, 11, 47
14, 2070,  8, 23,  2, 38
15, 2070,  9,  7, 15,  5
16, 2070,  9, 23,  0, 46
17, 2070, 10,  8,  7, 14
18, 2070, 10, 23, 10, 39
19, 2070, 11,  7, 10, 56
20, 2070, 11, 22,  8, 42
21, 2070, 12,  7,  4, 12
22, 2070, 12, 21, 22, 20
23, 2071,  1,  5, 15, 37
24, 2071,  1, 20,  9,  3
 1, 2071,  2,  4,  3, 12
 2, 2071,  2, 18, 23,  1
 3, 2071,  3,  5, 20, 53
 4, 2071,  3, 20, 21, 36
 5, 2071,  4,  5,  1, 12
 6, 2071,  4, 20,  8,  6
 7, 2071,  5,  5, 17, 56
 8, 2071,  5, 21,  6, 44
 9, 2071,  6,  5, 21, 39
10, 2071,  6, 21, 14, 22
11, 2071,  7,  7,  7, 44
12, 2071,  7, 23,  1, 13
13, 2071,  8,  7, 17, 40
14, 2071,  8, 23,  8, 33
15, 2071,  9,  7, 20, 59
16, 2071,  9, 23,  6, 39
17, 2071, 10,  8, 13,  9
18, 2071, 10, 23, 16, 30
19, 2071, 11,  7, 16, 50
20, 2071, 11, 22, 14, 30
21, 2071, 12,  7, 10,  2
22, 2071, 12, 22,  4,  5
23, 2072,  1,  5, 21, 24
24, 2072,  1, 20, 14, 46
 1, 2072,  2,  4,  8, 58
 2, 2072,  2, 19,  4, 44
 3, 2072,  3,  5,  2, 42
 4, 2072,  3, 20,  3, 22
 5, 2072,  4,  4,  7,  5
 6, 2072,  4, 19, 13, 56
 7, 2072,  5,  4, 23, 55
 8, 2072,  5, 20, 12, 37
 9, 2072,  6,  5,  3, 41
10, 2072,  6, 20, 20, 15
11, 2072,  7,  6, 13, 46
12, 2072,  7, 22,  7,  5
13, 2072,  8,  6, 23, 40
14, 2072,  8, 22, 14, 23
15, 2072,  9,  7,  2, 56
16, 2072,  9, 22, 12, 29
17, 2072, 10,  7, 19,  4
18, 2072, 10, 22, 22, 21
19, 2072, 11,  6, 22, 45
20, 2072, 11, 21, 20, 21
21, 2072, 12,  6, 15, 57
22, 2072, 12, 21,  9, 57
23, 2073,  1,  5,  3, 20
24, 2073,  1, 19, 20, 38
 1, 2073,  2,  3, 14, 54
 2, 2073,  2, 18, 10, 36
 3, 2073,  3,  5,  8, 38
 4, 2073,  3, 20,  9, 14
 5, 2073,  4,  4, 13,  0
 6, 2073,  4, 19, 19, 49
 7, 2073,  5,  5,  5, 49
 8, 2073,  5, 20, 18, 30
 9, 2073,  6,  5,  9, 32
10, 2073,  6, 21,  2,  8
11, 2073,  7,  6, 19, 32
12, 2073,  7, 22, 12, 56
13, 2073,  8,  7,  5, 21
14, 2073,  8, 22, 20, 12
15, 2073,  9,  7,  8, 34
16, 2073,  9, 22, 18, 16
17, 2073, 10,  8,  0, 42
18, 2073, 10, 23,  4,  9
19, 2073, 11,  7,  4, 25
20, 2073, 11, 22,  2, 12
21, 2073, 12,  6, 21, 41
22, 2073, 12, 21, 15, 52
23, 2074,  1,  5,  9,  7
24, 2074,  1, 20,  2, 35
 1, 2074,  2,  3, 20, 42
 2, 2074,  2, 18, 16, 33
 3, 2074,  3,  5, 14, 25
 4, 2074,  3, 20, 15, 10
 5, 2074,  4,  4, 18, 46
 6, 2074,  4, 20,  1, 43
 7, 2074,  5,  5, 11, 34
 8, 2074,  5, 21,  0, 23
 9, 2074,  6,  5, 15, 19
10, 2074,  6, 21,  7, 59
11, 2074,  7,  7,  1, 22
12, 2074,  7, 22, 18, 47
13, 2074,  8,  7, 11, 14
14, 2074,  8, 23,  2,  2
15, 2074,  9,  7, 14, 29
16, 2074,  9, 23,  0,  5
17, 2074, 10,  8,  6, 38
18, 2074, 10, 23,  9, 57
19, 2074, 11,  7, 10, 21
20, 2074, 11, 22,  7, 59
21, 2074, 12,  7,  3, 35
22, 2074, 12, 21, 21, 36
23, 2075,  1,  5, 14, 59
24, 2075,  1, 20,  8, 18
 1, 2075,  2,  4,  2, 32
 2, 2075,  2, 18, 22, 13
 3, 2075,  3,  5, 20, 12
 4, 2075,  3, 20, 20, 48
 5, 2075,  4,  5,  0, 32
 6, 2075,  4, 20,  7, 19
 7, 2075,  5,  5, 17, 21
 8, 2075,  5, 21,  6,  1
 9, 2075,  6,  5, 21,  8
10, 2075,  6, 21, 13, 41
11, 2075,  7,  7,  7, 15
12, 2075,  7, 23,  0, 35
13, 2075,  8,  7, 17,  9
14, 2075,  8, 23,  7, 54
15, 2075,  9,  7, 20, 25
16, 2075,  9, 23,  6,  0
17, 2075, 10,  8, 12, 33
18, 2075, 10, 23, 15, 52
19, 2075, 11,  7, 16, 13
20, 2075, 11, 22, 13, 52
21, 2075, 12,  7,  9, 26
22, 2075, 12, 22,  3, 28
23, 2076,  1,  5, 20, 48
24, 2076,  1, 20, 14,  9
 1, 2076,  2,  4,  8, 21
 2, 2076,  2, 19,  4,  5
 3, 2076,  3,  5,  2,  2
 4, 2076,  3, 20,  2, 40
 5, 2076,  4,  4,  6, 21
 6, 2076,  4, 19, 13, 13
 7, 2076,  5,  4, 23,  9
 8, 2076,  5, 20, 11, 56
 9, 2076,  6,  5,  2, 56
10, 2076,  6, 20, 19, 38
11, 2076,  7,  6, 13,  2
12, 2076,  7, 22,  6, 31
13, 2076,  8,  6, 22, 56
14, 2076,  8, 22, 13, 49
15, 2076,  9,  7,  2, 10
16, 2076,  9, 22, 11, 51
17, 2076, 10,  7, 18, 16
18, 2076, 10, 22, 21, 40
19, 2076, 11,  6, 21, 55
20, 2076, 11, 21, 19, 39
21, 2076, 12,  6, 15,  7
22, 2076, 12, 21,  9, 15
23, 2077,  1,  5,  2, 30
24, 2077,  1, 19, 19, 57
 1, 2077,  2,  3, 14,  4
 2, 2077,  2, 18,  9, 55
 3, 2077,  3,  5,  7, 48
 4, 2077,  3, 20,  8, 32
 5, 2077,  4,  4, 12, 10
 6, 2077,  4, 19, 19,  6
 7, 2077,  5,  5,  4, 59
 8, 2077,  5, 20, 17, 46
 9, 2077,  6,  5,  8, 46
10, 2077,  6, 21,  1, 25
11, 2077,  7,  6, 18, 52
12, 2077,  7, 22, 12, 15
13, 2077,  8,  7,  4, 48
14, 2077,  8, 22, 19, 33
15, 2077,  9,  7,  8,  4
16, 2077,  9, 22, 17, 37
17, 2077, 10,  8,  0, 12
18, 2077, 10, 23,  3, 27
19, 2077, 11,  7,  3, 51
20, 2077, 11, 22,  1, 27
21, 2077, 12,  6, 21,  4
22, 2077, 12, 21, 15,  2
23, 2078,  1,  5,  8, 26
24, 2078,  1, 20,  1, 43
 1, 2078,  2,  3, 19, 59
 2, 2078,  2, 18, 15, 38
 3, 2078,  3,  5, 13, 39
 4, 2078,  3, 20, 14, 12
 5, 2078,  4,  4, 17, 57
 6, 2078,  4, 20,  0, 42
 7, 2078,  5,  5, 10, 43
 8, 2078,  5, 20, 23, 21
 9, 2078,  6,  5, 14, 26
10, 2078,  6, 21,  6, 59
11, 2078,  7,  7,  0, 30
12, 2078,  7, 22, 17, 52
13, 2078,  8,  7, 10, 25
14, 2078,  8, 23,  1, 15
15, 2078,  9,  7, 13, 45
16, 2078,  9, 22, 23, 26
17, 2078, 10,  8,  5, 57
18, 2078, 10, 23,  9, 22
19, 2078, 11,  7,  9, 41
20, 2078, 11, 22,  7, 24
21, 2078, 12,  7,  2, 54
22, 2078, 12, 21, 20, 59
23, 2079,  1,  5, 14, 15
24, 2079,  1, 20,  7, 37
 1, 2079,  2,  4,  1, 44
 2, 2079,  2, 18, 21, 30
 3, 2079,  3,  5, 19, 22
 4, 2079,  3, 20, 20,  2
 5, 2079,  4,  4, 23, 39
 6, 2079,  4, 20,  6, 32
 7, 2079,  5,  5, 16, 24
 8, 2079,  5, 21,  5, 11
 9, 2079,  6,  5, 20,  7
10, 2079,  6, 21, 12, 51
11, 2079,  7,  7,  6, 13
12, 2079,  7, 22, 23, 44
13, 2079,  8,  7, 16, 11
14, 2079,  8, 23,  7,  6
15, 2079,  9,  7, 19, 32
16, 2079,  9, 23,  5, 14
17, 2079, 10,  8, 11, 45
18, 2079, 10, 23, 15,  9
19, 2079, 11,  7, 15, 28
20, 2079, 11, 22, 13, 11
21, 2079, 12,  7,  8, 41
22, 2079, 12, 22,  2, 45
23, 2080,  1,  5, 20,  1
24, 2080,  1, 20, 13, 22
 1, 2080,  2,  4,  7, 29
 2, 2080,  2, 19,  3, 14
 3, 2080,  3,  5,  1,  6
 4, 2080,  3, 20,  1, 45
 5, 2080,  4,  4,  5, 24
 6, 2080,  4, 19, 12, 16
 7, 2080,  5,  4, 22, 12
 8, 2080,  5, 20, 10, 56
 9, 2080,  6,  5,  1, 59
10, 2080,  6, 20, 18, 35
11, 2080,  7,  6, 12,  7
12, 2080,  7, 22,  5, 28
13, 2080,  8,  6, 22,  4
14, 2080,  8, 22, 12, 49
15, 2080,  9,  7,  1, 24
16, 2080,  9, 22, 10, 58
17, 2080, 10,  7, 17, 36
18, 2080, 10, 22, 20, 53
19, 2080, 11,  6, 21, 20
20, 2080, 11, 21, 18, 57
21, 2080, 12,  6, 14, 35
22, 2080, 12, 21,  8, 34
23, 2081,  1,  5,  1, 57
24, 2081,  1, 19, 19, 13
 1, 2081,  2,  3, 13, 27
 2, 2081,  2, 18,  9,  5
 3, 2081,  3,  5,  7,  4
 4, 2081,  3, 20,  7, 36
 5, 2081,  4,  4, 11, 19
 6, 2081,  4, 19, 18,  3
 7, 2081,  5,  5,  4,  1
 8, 2081,  5, 20, 16, 40
 9, 2081,  6,  5,  7, 42
10, 2081,  6, 21,  0, 18
11, 2081,  7,  6, 17, 45
12, 2081,  7, 22, 11,  9
13, 2081,  8,  7,  3, 38
14, 2081,  8, 22, 18, 30
15, 2081,  9,  7,  6, 56
16, 2081,  9, 22, 16, 39
17, 2081, 10,  7, 23,  8
18, 2081, 10, 23,  2, 36
19, 2081, 11,  7,  2, 54
20, 2081, 11, 22,  0, 43
21, 2081, 12,  6, 20, 13
22, 2081, 12, 21, 14, 24
23, 2082,  1,  5,  7, 40
24, 2082,  1, 20,  1,  7
 1, 2082,  2,  3, 19, 14
 2, 2082,  2, 18, 15,  2
 3, 2082,  3,  5, 12, 52
 4, 2082,  3, 20, 13, 32
 5, 2082,  4,  4, 17,  4
 6, 2082,  4, 19, 23, 57
 7, 2082,  5,  5,  9, 44
 8, 2082,  5, 20, 22, 30
 9, 2082,  6,  5, 13, 24
10, 2082,  6, 21,  6,  5
11, 2082,  7,  6, 23, 26
12, 2082,  7, 22, 16, 54
13, 2082,  8,  7,  9, 23
14, 2082,  8, 23,  0, 15
15, 2082,  9,  7, 12, 44
16, 2082,  9, 22, 22, 24
17, 2082, 10,  8,  4, 59
18, 2082, 10, 23,  8, 21
19, 2082, 11,  7,  8, 46
20, 2082, 11, 22,  6, 27
21, 2082, 12,  7,  2,  3
22, 2082, 12, 21, 20,  6
23, 2083,  1,  5, 13, 28
24, 2083,  1, 20,  6, 48
 1, 2083,  2,  4,  1,  0
 2, 2083,  2, 18, 20, 42
 3, 2083,  3,  5, 18, 38
 4, 2083,  3, 20, 19, 12
 5, 2083,  4,  4, 22, 52
 6, 2083,  4, 20,  5, 37
 7, 2083,  5,  5, 15, 33
 8, 2083,  5, 21,  4, 10
 9, 2083,  6,  5, 19, 13
10, 2083,  6, 21, 11, 45
11, 2083,  7,  7,  5, 17
12, 2083,  7, 22, 22, 37
13, 2083,  8,  7, 15, 14
14, 2083,  8, 23,  6,  1
15, 2083,  9,  7, 18, 36
16, 2083,  9, 23,  4, 13
17, 2083, 10,  8, 10, 51
18, 2083, 10, 23, 14, 12
19, 2083, 11,  7, 14, 37
20, 2083, 11, 22, 12, 17
21, 2083, 12,  7,  7, 53
22, 2083, 12, 22,  1, 55
23, 2084,  1,  5, 19, 16
24, 2084,  1, 20, 12, 35
 1, 2084,  2,  4,  6, 48
 2, 2084,  2, 19,  2, 29
 3, 2084,  3,  5,  0, 26
 4, 2084,  3, 20,  1,  1
 5, 2084,  4,  4,  4, 42
 6, 2084,  4, 19, 11, 29
 7, 2084,  5,  4, 21, 24
 8, 2084,  5, 20, 10,  6
 9, 2084,  6,  5,  1,  4
10, 2084,  6, 20, 17, 42
11, 2084,  7,  6, 11,  5
12, 2084,  7, 22,  4, 32
13, 2084,  8,  6, 20, 58
14, 2084,  8, 22, 11, 52
15, 2084,  9,  7,  0, 16
16, 2084,  9, 22, 10,  1
17, 2084, 10,  7, 16, 29
18, 2084, 10, 22, 19, 57
19, 2084, 11,  6, 20, 15
20, 2084, 11, 21, 18,  3
21, 2084, 12,  6, 13, 33
22, 2084, 12, 21,  7, 43
23, 2085,  1,  5,  0, 58
24, 2085,  1, 19, 18, 25
 1, 2085,  2,  3, 12, 31
 2, 2085,  2, 18,  8, 21
 3, 2085,  3,  5,  6, 12
 4, 2085,  3, 20,  6, 55
 5, 2085,  4,  4, 10, 30
 6, 2085,  4, 19, 17, 24
 7, 2085,  5,  5,  3, 15
 8, 2085,  5, 20, 16,  0
 9, 2085,  6,  5,  6, 56
10, 2085,  6, 20, 23, 34
11, 2085,  7,  6, 16, 58
12, 2085,  7, 22, 10, 21
13, 2085,  8,  7,  2, 51
14, 2085,  8, 22, 17, 38
15, 2085,  9,  7,  6,  9
16, 2085,  9, 22, 15, 45
17, 2085, 10,  7, 22, 22
18, 2085, 10, 23,  1, 42
19, 2085, 11,  7,  2,  9
20, 2085, 11, 21, 23, 49
21, 2085, 12,  6, 19, 29
22, 2085, 12, 21, 13, 30
23, 2086,  1,  5,  6, 55
24, 2086,  1, 20,  0, 13
 1, 2086,  2,  3, 18, 28
 2, 2086,  2, 18, 14,  7
 3, 2086,  3,  5, 12,  5
 4, 2086,  3, 20, 12, 37
 5, 2086,  4,  4, 16, 19
 6, 2086,  4, 19, 23,  2
 7, 2086,  5,  5,  9,  0
 8, 2086,  5, 20, 21, 36
 9, 2086,  6,  5, 12, 40
10, 2086,  6, 21,  5, 11
11, 2086,  7,  6, 22, 42
12, 2086,  7, 22, 16,  1
13, 2086,  8,  7,  8, 35
14, 2086,  8, 22, 23, 22
15, 2086,  9,  7, 11, 54
16, 2086,  9, 22, 21, 34
17, 2086, 10,  8,  4,  9
18, 2086, 10, 23,  7, 34
19, 2086, 11,  7,  7, 57
20, 2086, 11, 22,  5, 42
21, 2086, 12,  7,  1, 17
22, 2086, 12, 21, 19, 24
23, 2087,  1,  5, 12, 44
24, 2087,  1, 20,  6,  7
 1, 2087,  2,  4,  0, 17
 2, 2087,  2, 18, 20,  0
 3, 2087,  3,  5, 17, 54
 4, 2087,  3, 20, 18, 30
 5, 2087,  4,  4, 22,  6
 6, 2087,  4, 20,  4, 55
 7, 2087,  5,  5, 14, 46
 8, 2087,  5, 21,  3, 31
 9, 2087,  6,  5, 18, 26
10, 2087,  6, 21, 11,  8
11, 2087,  7,  7,  4, 30
12, 2087,  7, 22, 22,  0
13, 2087,  8,  7, 14, 26
14, 2087,  8, 23,  5, 21
15, 2087,  9,  7, 17, 46
16, 2087,  9, 23,  3, 30
17, 2087, 10,  8,  9, 59
18, 2087, 10, 23, 13, 26
19, 2087, 11,  7, 13, 45
20, 2087, 11, 22, 11, 31
21, 2087, 12,  7,  7,  2
22, 2087, 12, 22,  1, 10
23, 2088,  1,  5, 18, 27
24, 2088,  1, 20, 11, 52
 1, 2088,  2,  4,  6,  0
 2, 2088,  2, 19,  1, 47
 3, 2088,  3,  4, 23, 39
 4, 2088,  3, 20,  0, 19
 5, 2088,  4,  4,  3, 54
 6, 2088,  4, 19, 10, 46
 7, 2088,  5,  4, 20, 38
 8, 2088,  5, 20,  9, 22
 9, 2088,  6,  5,  0, 22
10, 2088,  6, 20, 16, 58
11, 2088,  7,  6, 10, 28
12, 2088,  7, 22,  3, 50
13, 2088,  8,  6, 20, 25
14, 2088,  8, 22, 11, 11
15, 2088,  9,  6, 23, 46
16, 2088,  9, 22,  9, 20
17, 2088, 10,  7, 15, 58
18, 2088, 10, 22, 19, 15
19, 2088, 11,  6, 19, 42
20, 2088, 11, 21, 17, 19
21, 2088, 12,  6, 12, 58
22, 2088, 12, 21,  6, 58
23, 2089,  1,  5,  0, 23
24, 2089,  1, 19, 17, 40
 1, 2089,  2,  3, 11, 56
 2, 2089,  2, 18,  7, 35
 3, 2089,  3,  5,  5, 36
 4, 2089,  3, 20,  6,  8
 5, 2089,  4,  4,  9, 52
 6, 2089,  4, 19, 16, 35
 7, 2089,  5,  5,  2, 33
 8, 2089,  5, 20, 15, 10
 9, 2089,  6,  5,  6, 12
10, 2089,  6, 20, 22, 45
11, 2089,  7,  6, 16, 13
12, 2089,  7, 22,  9, 35
13, 2089,  8,  7,  2,  6
14, 2089,  8, 22, 16, 57
15, 2089,  9,  7,  5, 26
16, 2089,  9, 22, 15,  9
17, 2089, 10,  7, 21, 40
18, 2089, 10, 23,  1,  7
19, 2089, 11,  7,  1, 26
20, 2089, 11, 21, 23, 14
21, 2089, 12,  6, 18, 45
22, 2089, 12, 21, 12, 54
23, 2090,  1,  5,  6, 10
24, 2090,  1, 19, 23, 36
 1, 2090,  2,  3, 17, 44
 2, 2090,  2, 18, 13, 32
 3, 2090,  3,  5, 11, 23
 4, 2090,  3, 20, 12,  4
 5, 2090,  4,  4, 15, 38
 6, 2090,  4, 19, 22, 30
 7, 2090,  5,  5,  8, 18
 8, 2090,  5, 20, 21,  4
 9, 2090,  6,  5, 11, 57
10, 2090,  6, 21,  4, 38
11, 2090,  7,  6, 21, 58
12, 2090,  7, 22, 15, 27
13, 2090,  8,  7,  7, 54
14, 2090,  8, 22, 22, 49
15, 2090,  9,  7, 11, 18
16, 2090,  9, 22, 21,  1
17, 2090, 10,  8,  3, 35
18, 2090, 10, 23,  7,  1
19, 2090, 11,  7,  7, 24
20, 2090, 11, 22,  5,  8
21, 2090, 12,  7,  0, 42
22, 2090, 12, 21, 18, 45
23, 2091,  1,  5, 12,  4
24, 2091,  1, 20,  5, 24
 1, 2091,  2,  3, 23, 33
 2, 2091,  2, 18, 19, 15
 3, 2091,  3,  5, 17,  8
 4, 2091,  3, 20, 17, 44
 5, 2091,  4,  4, 21, 22
 6, 2091,  4, 20,  4,  9
 7, 2091,  5,  5, 14,  5
 8, 2091,  5, 21,  2, 44
 9, 2091,  6,  5, 17, 47
10, 2091,  6, 21, 10, 21
11, 2091,  7,  7,  3, 53
12, 2091,  7, 22, 21, 13
13, 2091,  8,  7, 13, 51
14, 2091,  8, 23,  4, 38
15, 2091,  9,  7, 17, 15
16, 2091,  9, 23,  2, 53
17, 2091, 10,  8,  9, 33
18, 2091, 10, 23, 12, 54
19, 2091, 11,  7, 13, 22
20, 2091, 11, 22, 11,  2
21, 2091, 12,  7,  6, 40
22, 2091, 12, 22,  0, 40
23, 2092,  1,  5, 18,  3
24, 2092,  1, 20, 11, 18
 1, 2092,  2,  4,  5, 31
 2, 2092,  2, 19,  1,  8
 3, 2092,  3,  4, 23,  4
 4, 2092,  3, 19, 23, 35
 5, 2092,  4,  4,  3, 16
 6, 2092,  4, 19, 10,  1
 7, 2092,  5,  4, 19, 58
 8, 2092,  5, 20,  8, 38
 9, 2092,  6,  4, 23, 40
10, 2092,  6, 20, 16, 17
11, 2092,  7,  6,  9, 43
12, 2092,  7, 22,  3, 10
13, 2092,  8,  6, 19, 38
14, 2092,  8, 22, 10, 32
15, 2092,  9,  6, 22, 58
16, 2092,  9, 22,  8, 44
17, 2092, 10,  7, 15, 13
18, 2092, 10, 22, 18, 44
19, 2092, 11,  6, 19,  3
20, 2092, 11, 21, 16, 52
21, 2092, 12,  6, 12, 23
22, 2092, 12, 21,  6, 34
23, 2093,  1,  4, 23, 49
24, 2093,  1, 19, 17, 16
 1, 2093,  2,  3, 11, 20
 2, 2093,  2, 18,  7,  8
 3, 2093,  3,  5,  4, 56
 4, 2093,  3, 20,  5, 36
 5, 2093,  4,  4,  9,  8
 6, 2093,  4, 19, 16,  0
 7, 2093,  5,  5,  1, 48
 8, 2093,  5, 20, 14, 34
 9, 2093,  6,  5,  5, 28
10, 2093,  6, 20, 22,  9
11, 2093,  7,  6, 15, 32
12, 2093,  7, 22,  8, 59
13, 2093,  8,  7,  1, 30
14, 2093,  8, 22, 16, 20
15, 2093,  9,  7,  4, 52
16, 2093,  9, 22, 14, 31
17, 2093, 10,  7, 21,  8
18, 2093, 10, 23,  0, 30
19, 2093, 11,  7,  0, 58
20, 2093, 11, 21, 22, 39
21, 2093, 12,  6, 18, 19
22, 2093, 12, 21, 12, 23
23, 2094,  1,  5,  5, 47
24, 2094,  1, 19, 23,  6
 1, 2094,  2,  3, 17, 19
 2, 2094,  2, 18, 12, 58
 3, 2094,  3,  5, 10, 53
 4, 2094,  3, 20, 11, 23
 5, 2094,  4,  4, 15,  2
 6, 2094,  4, 19, 21, 43
 7, 2094,  5,  5,  7, 38
 8, 2094,  5, 20, 20, 12
 9, 2094,  6,  5, 11, 14
10, 2094,  6, 21,  3, 44
11, 2094,  7,  6, 21, 16
12, 2094,  7, 22, 14, 36
13, 2094,  8,  7,  7, 13
14, 2094,  8, 22, 22,  2
15, 2094,  9,  7, 10, 38
16, 2094,  9, 22, 20, 18
17, 2094, 10,  8,  2, 57
18, 2094, 10, 23,  6, 22
19, 2094, 11,  7,  6, 49
20, 2094, 11, 22,  4, 33
21, 2094, 12,  7,  0, 10
22, 2094, 12, 21, 18, 15
23, 2095,  1,  5, 11, 37
24, 2095,  1, 20,  4, 58
 1, 2095,  2,  3, 23,  9
 2, 2095,  2, 18, 18, 50
 3, 2095,  3,  5, 16, 44
 4, 2095,  3, 20, 17, 17
 5, 2095,  4,  4, 20, 53
 6, 2095,  4, 20,  3, 38
 7, 2095,  5,  5, 13, 28
 8, 2095,  5, 21,  2,  8
 9, 2095,  6,  5, 17,  2
10, 2095,  6, 21,  9, 41
11, 2095,  7,  7,  3,  3
12, 2095,  7, 22, 20, 33
13, 2095,  8,  7, 13,  1
14, 2095,  8, 23,  3, 58
15, 2095,  9,  7, 16, 25
16, 2095,  9, 23,  2, 13
17, 2095, 10,  8,  8, 44
18, 2095, 10, 23, 12, 15
19, 2095, 11,  7, 12, 35
20, 2095, 11, 22, 10, 23
21, 2095, 12,  7,  5, 54
22, 2095, 12, 22,  0,  3
23, 2096,  1,  5, 17, 18
24, 2096,  1, 20, 10, 43
 1, 2096,  2,  4,  4, 49
 2, 2096,  2, 19,  0, 36
 3, 2096,  3,  4, 22, 25
 4, 2096,  3, 19, 23,  5
 5, 2096,  4,  4,  2, 38
 6, 2096,  4, 19,  9, 29
 7, 2096,  5,  4, 19, 18
 8, 2096,  5, 20,  8,  0
 9, 2096,  6,  4, 22, 56
10, 2096,  6, 20, 15, 33
11, 2096,  7,  6,  8, 59
12, 2096,  7, 22,  2, 21
13, 2096,  8,  6, 18, 55
14, 2096,  8, 22,  9, 44
15, 2096,  9,  6, 22, 19
16, 2096,  9, 22,  7, 57
17, 2096, 10,  7, 14, 37
18, 2096, 10, 22, 17, 58
19, 2096, 11,  6, 18, 28
20, 2096, 11, 21, 16,  7
21, 2096, 12,  6, 11, 48
22, 2096, 12, 21,  5, 48
23, 2097,  1,  4, 23, 13
24, 2097,  1, 19, 16, 29
 1, 2097,  2,  3, 10, 44
 2, 2097,  2, 18,  6, 22
 3, 2097,  3,  5,  4, 20
 4, 2097,  3, 20,  4, 50
 5, 2097,  4,  4,  8, 32
 6, 2097,  4, 19, 15, 13
 7, 2097,  5,  5,  1, 10
 8, 2097,  5, 20, 13, 44
 9, 2097,  6,  5,  4, 46
10, 2097,  6, 20, 21, 15
11, 2097,  7,  6, 14, 43
12, 2097,  7, 22,  8,  3
13, 2097,  8,  7,  0, 35
14, 2097,  8, 22, 15, 24
15, 2097,  9,  7,  3, 55
16, 2097,  9, 22, 13, 38
17, 2097, 10,  7, 20, 13
18, 2097, 10, 22, 23, 42
19, 2097, 11,  7,  0,  6
20, 2097, 11, 21, 21, 55
21, 2097, 12,  6, 17, 30
22, 2097, 12, 21, 11, 39
23, 2098,  1,  5,  4, 58
24, 2098,  1, 19, 22, 23
 1, 2098,  2,  3, 16, 31
 2, 2098,  2, 18, 12, 15
 3, 2098,  3,  5, 10,  6
 4, 2098,  3, 20, 10, 42
 5, 2098,  4,  4, 14, 15
 6, 2098,  4, 19, 21,  4
 7, 2098,  5,  5,  6, 51
 8, 2098,  5, 20, 19, 34
 9, 2098,  6,  5, 10, 25
10, 2098,  6, 21,  3,  5
11, 2098,  7,  6, 20, 24
12, 2098,  7, 22, 13, 53
13, 2098,  8,  7,  6, 19
14, 2098,  8, 22, 21, 14
15, 2098,  9,  7,  9, 41
16, 2098,  9, 22, 19, 26
17, 2098, 10,  8,  2,  0
18, 2098, 10, 23,  5, 29
19, 2098, 11,  7,  5, 53
20, 2098, 11, 22,  3, 40
21, 2098, 12,  6, 23, 15
22, 2098, 12, 21, 17, 23
23, 2099,  1,  5, 10, 41
24, 2099,  1, 20,  4,  4
 1, 2099,  2,  3, 22, 12
 2, 2099,  2, 18, 17, 55
 3, 2099,  3,  5, 15, 45
 4, 2099,  3, 20, 16, 20
 5, 2099,  4,  4, 19, 53
 6, 2099,  4, 20,  2, 40
 7, 2099,  5,  5, 12, 31
 8, 2099,  5, 21,  1, 10
 9, 2099,  6,  5, 16, 10
10, 2099,  6, 21,  8, 44
11, 2099,  7,  7,  2, 14
12, 2099,  7, 22, 19, 35
13, 2099,  8,  7, 12, 12
14, 2099,  8, 23,  2, 59
15, 2099,  9,  7, 15, 36
16, 2099,  9, 23,  1, 13
17, 2099, 10,  8,  7, 54
18, 2099, 10, 23, 11, 15
19, 2099, 11,  7, 11, 45
20, 2099, 11, 22,  9, 25
21, 2099, 12,  7,  5,  5
22, 2099, 12, 21, 23,  6
23, 2100,  1,  5, 16, 31
24, 2100,  1, 20,  9, 48
 1, 2100,  2,  4,  4,  2
 2, 2100,  2, 18, 23, 39
 3, 2100,  3,  5, 21, 37
 4, 2100,  3, 20, 22,  6
 5, 2100,  4,  5,  1, 46
 6, 2100,  4, 20,  8, 27
 7, 2100,  5,  5, 18, 23
 8, 2100,  5, 21,  6, 59
 9, 2100,  6,  5, 22,  0
10, 2100,  6, 21, 14, 34
11, 2100,  7,  7,  8,  1
12, 2100,  7, 23,  1, 26
13, 2100,  8,  7, 17, 56
14, 2100,  8, 23,  8, 50
15, 2100,  9,  7, 21, 17
16, 2100,  9, 23,  7,  3
17, 2100, 10,  8, 13, 33
18, 2100, 10, 23, 17,  3
19, 2100, 11,  7, 17, 22
20, 2100, 11, 22, 15, 11
21, 2100, 12,  7, 10, 42
22, 2100, 12, 22,  4, 53
